abstract_available,assessed_full_text_url,assessment_basis,author_match,authors,central_question,classification_note,code_models_data,contribution,date_note,difficulty,doi,first_publication_date,full_text_links,id,index_date,journal_issue_date,khan_affiliations,limitations,material_device_system,metadata_verification,peer_review_status,prerequisites,publisher_date,publisher_online_date,publisher_relations,publisher_updates,retracted_index_flag,stable_link,supplements,theme,title,type,venue,versions
False,,metadata only,Georgia Tech affiliation in indexed authorship,"[""Nathan Eli Miller"", ""Zheng Wang"", ""Saurabh Dash"", ""Prof. Asif Khan"", ""Saibal Mukhopadhyay""]",Title-level scope: Impact of HKMG and FDSOI FeFET drain current variation in processing-in-memory architectures,"Theme, prerequisites, and difficulty are editorial classifications; material tags use explicit title terms only unless assessed in the source ledger.",No author release verified for this record; not evidence that none exists.,Not substantively assessed from metadata; use linked primary source.,Earliest verified/indexed date; partial dates retained at source precision. Conference event and posting dates may differ.,advanced,10.1557/s43578-021-00393-1,2021-09-28,[],10.1557/s43578-021-00393-1,2021-09-28,2021-11-14,"[""Georgia Institute of Technology""]","Quantitative claims, experimental controls, and reproducibility not assessed.",Not determined from metadata; inspect source,OpenAlex + Crossref publisher deposit,Published scholarly venue; individual review process not independently audited,"circuits, sensing, precision, architecture",2021-09-28,2021-09-28,{},[],False,https://doi.org/10.1557/s43578-021-00393-1,Not individually verified unless noted in source ledger.,"Circuits, memory architectures, and computing",Impact of HKMG and FDSOI FeFET drain current variation in processing-in-memory architectures,journal-article,Journal of Materials Research,[]
False,,metadata only,Georgia Tech affiliation in indexed authorship,"[""Prof. Asif Khan"", ""Hui Jae Yoo"", ""Subhash L. Shinde"", ""Prasanna Venkat Ravindran""]",Title-level scope: Materials opportunities for low-energy computing,"Theme, prerequisites, and difficulty are editorial classifications; material tags use explicit title terms only unless assessed in the source ledger.",No author release verified for this record; not evidence that none exists.,Not substantively assessed from metadata; use linked primary source.,Earliest verified/indexed date; partial dates retained at source precision. Conference event and posting dates may differ.,advanced,10.1557/s43577-021-00207-z,2021-10,"[""https://link.springer.com/content/pdf/10.1557/s43577-021-00207-z.pdf""]",10.1557/s43577-021-00207-z,2021-10-01,2021-10,"[""Georgia Institute of Technology""]","Quantitative claims, experimental controls, and reproducibility not assessed.",Not determined from metadata; inspect source,OpenAlex + Crossref publisher deposit,Published scholarly venue; individual review process not independently audited,"circuits, sensing, precision, architecture",2021-10,2021-12-02,{},[],False,https://doi.org/10.1557/s43577-021-00207-z,Not individually verified unless noted in source ledger.,"Circuits, memory architectures, and computing",Materials opportunities for low-energy computing,review,MRS Bulletin,[]
True,,metadata only,Research topic/coauthors and disambiguated ID; indexed affiliation missing,"[""Nujhat Tasneem"", ""Yasmin Mohamed Yousry"", ""Mengkun Tian"", ""Milan Dopita"", ""Sebastian E. Reyes‐Lillo"", ""Josh Kacher"", ""Nazanin Bassiri‐Gharb"", ""Prof. Asif Khan""]",Title-level scope: A Janovec‐Kay‐Dunn‐Like Behavior at Thickness Scaling in Ultra‐Thin Antiferroelectric ZrO2 Films (Adv. Electron. Mater. 11/2021),"Theme, prerequisites, and difficulty are editorial classifications; material tags use explicit title terms only unless assessed in the source ledger.",No author release verified for this record; not evidence that none exists.,Not substantively assessed from metadata; use linked primary source.,Earliest verified/indexed date; partial dates retained at source precision. Conference event and posting dates may differ.,advanced,10.1002/aelm.202170049,2021-11,"[""https://onlinelibrary.wiley.com/doi/pdfdirect/10.1002/aelm.202170049""]",10.1002/aelm.202170049,2021-11-01,2021-11,[],"Separate bibliographic object, not an additional research result.",ZrO2,OpenAlex + Crossref publisher deposit,Non-research publication,"crystal symmetry, thermodynamics, microscopy",2021-11,2021-11-10,{},[],False,https://doi.org/10.1002/aelm.202170049,Not individually verified unless noted in source ledger.,"Materials, domains, and characterization",A Janovec‐Kay‐Dunn‐Like Behavior at Thickness Scaling in Ultra‐Thin Antiferroelectric ZrO2 Films (Adv. Electron. Mater. 11/2021),cover / front matter,Advanced Electronic Materials,[]
True,,metadata only,Georgia Tech affiliation in indexed authorship,"[""Jae Hur"", ""Yuan-Chun Luo"", ""Zheng Wang"", ""Sarah Lombardo"", ""Prof. Asif Khan"", ""Shimeng Yu""]",Title-level scope: Characterizing Ferroelectric Properties of Hf 0.5 Zr 0.5 O 2 From Deep-Cryogenic Temperature (4 K) to 400 K,"Theme, prerequisites, and difficulty are editorial classifications; material tags use explicit title terms only unless assessed in the source ledger.",No author release verified for this record; not evidence that none exists.,Not substantively assessed from metadata; use linked primary source.,Earliest verified/indexed date; partial dates retained at source precision. Conference event and posting dates may differ.,advanced,10.1109/jxcdc.2021.3130783,2021-11-25,"[""https://ieeexplore.ieee.org/ielx7/6570653/9650774/09627158.pdf""]",10.1109/jxcdc.2021.3130783,2021-11-25,2021-12,"[""Georgia Institute of Technology""]","Quantitative claims, experimental controls, and reproducibility not assessed.",Not determined from metadata; inspect source,OpenAlex + Crossref publisher deposit,Published scholarly venue; individual review process not independently audited,"crystal symmetry, thermodynamics, microscopy",2021-12,,{},[],False,https://doi.org/10.1109/jxcdc.2021.3130783,Not individually verified unless noted in source ledger.,"Materials, domains, and characterization",Characterizing Ferroelectric Properties of Hf 0.5 Zr 0.5 O 2 From Deep-Cryogenic Temperature (4 K) to 400 K,journal-article,IEEE Journal on Exploratory Solid-State Computational Devices and Circuits,[]
True,,metadata only,Georgia Tech affiliation in indexed authorship,"[""Yuan-Chun Luo"", ""Jae Hur"", ""Zheng Wang"", ""Wonbo Shim"", ""Prof. Asif Khan"", ""Shimeng Yu""]",Title-level scope: A Technology Path for Scaling Embedded FeRAM to 28 nm and Beyond With 2T1C Structure,"Theme, prerequisites, and difficulty are editorial classifications; material tags use explicit title terms only unless assessed in the source ledger.",No author release verified for this record; not evidence that none exists.,Not substantively assessed from metadata; use linked primary source.,Earliest verified/indexed date; partial dates retained at source precision. Conference event and posting dates may differ.,advanced,10.1109/ted.2021.3131108,2021-12-10,[],10.1109/ted.2021.3131108,2021-12-10,2022-01,"[""Georgia Institute of Technology""]","Quantitative claims, experimental controls, and reproducibility not assessed.",Not determined from metadata; inspect source,OpenAlex + Crossref publisher deposit,Published scholarly venue; individual review process not independently audited,"circuits, sensing, precision, architecture",2022-01,,{},[],False,https://doi.org/10.1109/ted.2021.3131108,Not individually verified unless noted in source ledger.,"Circuits, memory architectures, and computing",A Technology Path for Scaling Embedded FeRAM to 28 nm and Beyond With 2T1C Structure,journal-article,IEEE Transactions on Electron Devices,[]
True,,metadata only,Georgia Tech affiliation in indexed authorship,"[""Khandker Akif Aabrar"", ""Jorge Gomez"", ""Sharadindu Gopal Kirtania"", ""Matthew San Jose"", ""Yandong Luo"", ""Priyankka G. Ravikumar"", ""Prasanna Venkatesan Ravindran"", ""Huacheng Ye"", ""Sanjukta Banerjee"", ""Sourav Dutta"", ""Prof. Asif Khan"", ""Shimeng Yu"", ""Suman Datta""]",Title-level scope: BEOL Compatible Superlattice FerroFET-based High Precision Analog Weight Cell with Superior Linearity and Symmetry,"Theme, prerequisites, and difficulty are editorial classifications; material tags use explicit title terms only unless assessed in the source ledger.",No author release verified for this record; not evidence that none exists.,Not substantively assessed from metadata; use linked primary source.,Earliest verified/indexed date; partial dates retained at source precision. Conference event and posting dates may differ.,advanced,10.1109/iedm19574.2021.9720713,2021-12-11,[],10.1109/iedm19574.2021.9720713,2021-12-11,2021-12-11,"[""Georgia Institute of Technology""]","Quantitative claims, experimental controls, and reproducibility not assessed.",Not determined from metadata; inspect source,OpenAlex + Crossref publisher deposit,Published scholarly venue; individual review process not independently audited,"crystal symmetry, thermodynamics, microscopy",2021-12-11,,{},[],False,https://doi.org/10.1109/iedm19574.2021.9720713,Not individually verified unless noted in source ledger.,"Materials, domains, and characterization",BEOL Compatible Superlattice FerroFET-based High Precision Analog Weight Cell with Superior Linearity and Symmetry,proceedings-article,2021 IEEE International Electron Devices Meeting (IEDM),[]
True,,metadata only,Georgia Tech affiliation in indexed authorship,"[""Yuan-Chun Luo"", ""Jae Hur"", ""Tzu-Han Wang"", ""Anni Lu"", ""Shaolan Li"", ""Prof. Asif Khan"", ""Shimeng Yu""]",Title-level scope: Experimental Demonstration of Non-volatile Capacitive Crossbar Array for In-memory Computing,"Theme, prerequisites, and difficulty are editorial classifications; material tags use explicit title terms only unless assessed in the source ledger.",No author release verified for this record; not evidence that none exists.,Not substantively assessed from metadata; use linked primary source.,Earliest verified/indexed date; partial dates retained at source precision. Conference event and posting dates may differ.,advanced,10.1109/iedm19574.2021.9720508,2021-12-11,[],10.1109/iedm19574.2021.9720508,2021-12-11,2021-12-11,"[""Georgia Institute of Technology""]","Quantitative claims, experimental controls, and reproducibility not assessed.",Not determined from metadata; inspect source,OpenAlex + Crossref publisher deposit,Published scholarly venue; individual review process not independently audited,"circuits, sensing, precision, architecture",2021-12-11,,{},[],False,https://doi.org/10.1109/iedm19574.2021.9720508,Not individually verified unless noted in source ledger.,"Circuits, memory architectures, and computing",Experimental Demonstration of Non-volatile Capacitive Crossbar Array for In-memory Computing,proceedings-article,2021 IEEE International Electron Devices Meeting (IEDM),[]
True,,metadata only,Georgia Tech affiliation in indexed authorship,"[""Zheng Wang"", ""Nujhat Tasneem"", ""Jae Hur"", ""Hang Chen"", ""Shimeng Yu"", ""Winston Chern"", ""Prof. Asif Khan""]",Title-level scope: Standby Bias Improvement of Read After Write Delay in Ferroelectric Field Effect Transistors,"Theme, prerequisites, and difficulty are editorial classifications; material tags use explicit title terms only unless assessed in the source ledger.",No author release verified for this record; not evidence that none exists.,Not substantively assessed from metadata; use linked primary source.,Earliest verified/indexed date; partial dates retained at source precision. Conference event and posting dates may differ.,intermediate,10.1109/iedm19574.2021.9720502,2021-12-11,[],10.1109/iedm19574.2021.9720502,2021-12-11,2021-12-11,"[""Georgia Institute of Technology""]","Quantitative claims, experimental controls, and reproducibility not assessed.",Not determined from metadata; inspect source,OpenAlex + Crossref publisher deposit,Published scholarly venue; individual review process not independently audited,"transport, interfaces, threshold extraction",2021-12-11,,{},[],False,https://doi.org/10.1109/iedm19574.2021.9720502,Not individually verified unless noted in source ledger.,Oxide-channel and transistor engineering,Standby Bias Improvement of Read After Write Delay in Ferroelectric Field Effect Transistors,proceedings-article,2021 IEEE International Electron Devices Meeting (IEDM),[]
True,,metadata only,Georgia Tech affiliation in indexed authorship,"[""Nujhat Tasneem"", ""Zheng Wang"", ""Zijian Zhao"", ""Navnidhi Upadhyay"", ""Sarah Lombardo"", ""Hang Chen"", ""Jae Hur"", ""Dina Triyoso"", ""Steven Consiglio"", ""Kanda Tapily"", ""Robert Clark"", ""Gert Leusink"", ""Santosh Kurinec"", ""Suman Datta"", ""Shimeng Yu"", ""Kai Ni"", ""Matthias Passlack"", ""Winston Chern"", ""Prof. Asif Khan""]",Title-level scope: Trap Capture and Emission Dynamics in Ferroelectric Field-Effect Transistors and their Impact on Device Operation and Reliability,"Theme, prerequisites, and difficulty are editorial classifications; material tags use explicit title terms only unless assessed in the source ledger.",No author release verified for this record; not evidence that none exists.,Not substantively assessed from metadata; use linked primary source.,Earliest verified/indexed date; partial dates retained at source precision. Conference event and posting dates may differ.,advanced,10.1109/iedm19574.2021.9720615,2021-12-11,[],10.1109/iedm19574.2021.9720615,2021-12-11,2021-12-11,"[""Georgia Institute of Technology""]","Quantitative claims, experimental controls, and reproducibility not assessed.",Not determined from metadata; inspect source,OpenAlex + Crossref publisher deposit,Published scholarly venue; individual review process not independently audited,"defects, rates, measurement protocols",2021-12-11,,{},[],False,https://doi.org/10.1109/iedm19574.2021.9720615,Not individually verified unless noted in source ledger.,Reliability and measurement,Trap Capture and Emission Dynamics in Ferroelectric Field-Effect Transistors and their Impact on Device Operation and Reliability,proceedings-article,2021 IEEE International Electron Devices Meeting (IEDM),[]
True,,metadata only,Georgia Tech affiliation in indexed authorship,"[""Nujhat Tasneem"", ""Muhammad M. Islam"", ""Zheng Wang"", ""Zijian Zhao"", ""Navnidhi Upadhyay"", ""Sarah F. Lombardo"", ""Hang Chen"", ""Jae Hur"", ""Dina Triyoso"", ""Steven Consiglio"", ""Kanda Tapily"", ""Robert Clark"", ""Gert Leusink"", ""Santosh Kurinec"", ""Suman Datta"", ""Shimeng Yu"", ""Kai Ni"", ""Matthias Passlack"", ""Winston Chern"", ""Prof. Asif Khan""]",Title-level scope: Efficiency of Ferroelectric Field-Effect Transistors: An Experimental Study,"Theme, prerequisites, and difficulty are editorial classifications; material tags use explicit title terms only unless assessed in the source ledger.",No author release verified for this record; not evidence that none exists.,Not substantively assessed from metadata; use linked primary source.,Earliest verified/indexed date; partial dates retained at source precision. Conference event and posting dates may differ.,intermediate,10.1109/ted.2022.3141988,2022-01-24,[],10.1109/ted.2022.3141988,2022-01-24,2022-03,"[""Georgia Institute of Technology""]","Quantitative claims, experimental controls, and reproducibility not assessed.",Not determined from metadata; inspect source,OpenAlex + Crossref publisher deposit,Published scholarly venue; individual review process not independently audited,"transport, interfaces, threshold extraction",2022-03,,{},[],False,https://doi.org/10.1109/ted.2022.3141988,Not individually verified unless noted in source ledger.,Oxide-channel and transistor engineering,Efficiency of Ferroelectric Field-Effect Transistors: An Experimental Study,journal-article,IEEE Transactions on Electron Devices,[]
True,,metadata only,Georgia Tech affiliation in indexed authorship,"[""Khandker Akif Aabrar"", ""Sharadindu Gopal Kirtania"", ""Fu-Xiang Liang"", ""Jorge Gomez"", ""Matthew San Jose"", ""Yandong Luo"", ""Huacheng Ye"", ""Sourav Dutta"", ""Priyankka G. Ravikumar"", ""Prasanna Venkatesan Ravindran"", ""Prof. Asif Khan"", ""Shimeng Yu"", ""Suman Datta""]",Title-level scope: BEOL-Compatible Superlattice FEFET Analog Synapse With Improved Linearity and Symmetry of Weight Update,"Theme, prerequisites, and difficulty are editorial classifications; material tags use explicit title terms only unless assessed in the source ledger.",No author release verified for this record; not evidence that none exists.,Not substantively assessed from metadata; use linked primary source.,Earliest verified/indexed date; partial dates retained at source precision. Conference event and posting dates may differ.,advanced,10.1109/ted.2022.3142239,2022-01-25,[],10.1109/ted.2022.3142239,2022-01-25,2022-04,"[""Georgia Institute of Technology""]","Quantitative claims, experimental controls, and reproducibility not assessed.",Not determined from metadata; inspect source,OpenAlex + Crossref publisher deposit,Published scholarly venue; individual review process not independently audited,"circuits, sensing, precision, architecture",2022-04,,{},[],False,https://doi.org/10.1109/ted.2022.3142239,Not individually verified unless noted in source ledger.,"Circuits, memory architectures, and computing",BEOL-Compatible Superlattice FEFET Analog Synapse With Improved Linearity and Symmetry of Weight Update,journal-article,IEEE Transactions on Electron Devices,[]
True,https://repository.gatech.edu/server/api/core/bitstreams/acec0317-6207-4ac1-9942-9906b5c1747e/content#page=49,full text: selected relevant sections; not every reference or supplement audited,Georgia Tech affiliation in indexed authorship,"[""Zheng Wang"", ""Nujhat Tasneem"", ""Muhammad M. Islam"", ""Hang Chen"", ""Jae Hur"", ""Winston Chern"", ""Shimeng Yu"", ""Prof. Asif Khan""]",Can a FeFET model explain polarization hysteresis and read memory window together?,"Theme, prerequisites, and difficulty are editorial classifications; material tags use explicit title terms only unless assessed in the source ledger.",No author release verified for this record; not evidence that none exists.,Empirical screening/leakage extension to the electrostatic model; thesis section 3.3 supplies equations and calibration context.,Earliest verified/indexed date; partial dates retained at source precision. Conference event and posting dates may differ.,intermediate,10.1109/ted.2022.3146215,2022-02-07,[],10.1109/ted.2022.3146215,2022-02-07,2022-03,"[""Georgia Institute of Technology""]",Missing author code and complete device-calibration inputs prevent an author-model reproduction here.,Not determined from metadata; inspect source,OpenAlex + Crossref publisher deposit,Published scholarly venue; individual review process not independently audited,"transport, interfaces, threshold extraction",2022-03,,{},[],False,https://doi.org/10.1109/ted.2022.3146215,Not individually verified unless noted in source ledger.,Oxide-channel and transistor engineering,An Empirical Compact Model for Ferroelectric Field-Effect Transistor Calibrated to Experimental Data,journal-article,IEEE Transactions on Electron Devices,[]
True,,metadata only,Georgia Tech affiliation in indexed authorship,"[""Jae Hur"", ""Yuan-Chun Luo"", ""Anni Lu"", ""Tzu-Han Wang"", ""Shaolan Li"", ""Prof. Asif Khan"", ""Shimeng Yu""]",Title-level scope: Nonvolatile Capacitive Crossbar Array for In‐Memory Computing,"Theme, prerequisites, and difficulty are editorial classifications; material tags use explicit title terms only unless assessed in the source ledger.",No author release verified for this record; not evidence that none exists.,Not substantively assessed from metadata; use linked primary source.,Earliest verified/indexed date; partial dates retained at source precision. Conference event and posting dates may differ.,advanced,10.1002/aisy.202100258,2022-02-25,"[""https://onlinelibrary.wiley.com/doi/pdfdirect/10.1002/aisy.202100258""]",10.1002/aisy.202100258,2022-02-25,2022-08,"[""Georgia Institute of Technology""]","Quantitative claims, experimental controls, and reproducibility not assessed.",Not determined from metadata; inspect source,OpenAlex + Crossref publisher deposit,Published scholarly venue; individual review process not independently audited,"circuits, sensing, precision, architecture",2022-02-25,2022-02-25,{},[],False,https://doi.org/10.1002/aisy.202100258,Not individually verified unless noted in source ledger.,"Circuits, memory architectures, and computing",Nonvolatile Capacitive Crossbar Array for In‐Memory Computing,journal-article,Advanced Intelligent Systems,[]
True,,metadata only,Research topic/coauthors and disambiguated ID; indexed affiliation missing,"[""Prasanna Venkatesan Ravindran"", ""Prof. Asif Khan""]",Title-level scope: Quantum phase transition in ferroelectric-paraelectric heterostructures,"Theme, prerequisites, and difficulty are editorial classifications; material tags use explicit title terms only unless assessed in the source ledger.",No author release verified for this record; not evidence that none exists.,Not substantively assessed from metadata; use linked primary source.,Earliest verified/indexed date; partial dates retained at source precision. Conference event and posting dates may differ.,advanced,10.48550/arxiv.2203.02058,2022-03-03,"[""https://arxiv.org/pdf/2203.02058"", ""https://arxiv.org/pdf/2203.02058v1""]",10.48550/arxiv.2203.02058,2022-03-03,,[],"Quantitative claims, experimental controls, and reproducibility not assessed.",Not determined from metadata; inspect source,OpenAlex only; publisher cross-check unavailable,Not established / preprint,"crystal symmetry, thermodynamics, microscopy",,,{},[],False,https://doi.org/10.48550/arxiv.2203.02058,Not individually verified unless noted in source ledger.,"Materials, domains, and characterization",Quantum phase transition in ferroelectric-paraelectric heterostructures,preprint,arXiv (Cornell University),"[{""arxiv_id"": ""2203.02058"", ""version"": ""2203.02058v1"", ""first_posted"": ""2022-03-03"", ""updated"": ""2022-03-03T23:11:48Z"", ""journal_reference"": null, ""comment"": ""Manuscript: 16 pages including 5 figures Supplementary Material: 7 pages including 3 figures""}]"
True,,metadata only,Georgia Tech affiliation in indexed authorship,"[""Michael Hoffmann"", ""Zheng Wang"", ""Nujhat Tasneem"", ""Ahmad Zubair"", ""Prasanna Venkatesan Ravindran"", ""Mengkun Tian"", ""Anthony Arthur Gaskell"", ""Dina Triyoso"", ""Steven Consiglio"", ""Kandabara Tapily"", ""Robert Clark"", ""Jae Hur"", ""Sai Surya Kiran Pentapati"", ""Sung Kyu Lim"", ""Milan Dopita"", ""Shimeng Yu"", ""Winston Chern"", ""Josh Kacher"", ""Sebastian E. Reyes-Lillo"", ""Dimitri Antoniadis"", ""Jayakanth Ravichandran"", ""Stefan Slesazeck"", ""Thomas Mikolajick"", ""Prof. Asif Khan""]",Title-level scope: Antiferroelectric negative capacitance from a structural phase transition in zirconia,"Theme, prerequisites, and difficulty are editorial classifications; material tags use explicit title terms only unless assessed in the source ledger.",No author release verified for this record; not evidence that none exists.,Not substantively assessed from metadata; use linked primary source.,Earliest verified/indexed date; partial dates retained at source precision. Conference event and posting dates may differ.,advanced,10.1038/s41467-022-28860-1,2022-03-09,"[""https://arxiv.org/pdf/2104.10811"", ""https://www.nature.com/articles/s41467-022-28860-1.pdf""]",10.1038/s41467-022-28860-1,2022-03-09,,"[""Georgia Institute of Technology""]","Quantitative claims, experimental controls, and reproducibility not assessed.",ZrO2,OpenAlex + Crossref publisher deposit,Published scholarly venue; individual review process not independently audited,"crystal symmetry, thermodynamics, microscopy",2022-03-09,2022-03-09,{},[],False,https://doi.org/10.1038/s41467-022-28860-1,Not individually verified unless noted in source ledger.,"Materials, domains, and characterization",Antiferroelectric negative capacitance from a structural phase transition in zirconia,journal-article,Nature Communications,[]
True,,metadata only,Georgia Tech affiliation in indexed authorship,"[""Zheng Wang"", ""Nujhat Tasneem"", ""Jae Hur"", ""Hang Chen"", ""Shimeng Yu"", ""Winston Chern"", ""Prof. Asif Khan""]",Title-level scope: Standby Bias Improves the Endurance in Ferroelectric Field Effect Transistors due to Fast Neutralization of Interface Traps,"Theme, prerequisites, and difficulty are editorial classifications; material tags use explicit title terms only unless assessed in the source ledger.",No author release verified for this record; not evidence that none exists.,Not substantively assessed from metadata; use linked primary source.,Earliest verified/indexed date; partial dates retained at source precision. Conference event and posting dates may differ.,advanced,10.1109/vlsi-tsa54299.2022.9770989,2022-04-18,[],10.1109/vlsi-tsa54299.2022.9770989,2022-04-18,2022-04-18,"[""Georgia Institute of Technology""]","Quantitative claims, experimental controls, and reproducibility not assessed.",Not determined from metadata; inspect source,OpenAlex + Crossref publisher deposit,Published scholarly venue; individual review process not independently audited,"defects, rates, measurement protocols",2022-04-18,,{},[],False,https://doi.org/10.1109/vlsi-tsa54299.2022.9770989,Not individually verified unless noted in source ledger.,Reliability and measurement,Standby Bias Improves the Endurance in Ferroelectric Field Effect Transistors due to Fast Neutralization of Interface Traps,proceedings-article,"2022 International Symposium on VLSI Technology, Systems and Applications (VLSI-TSA)",[]
True,,metadata only,Georgia Tech affiliation in indexed authorship,"[""Anthony A. Gaskell"", ""Zheng Wang"", ""Milan Dopita"", ""Dominik Kriegner"", ""Nujhat Tasneem"", ""Prof. Asif Khan""]",Title-level scope: The Effect of Annealing Temperature on Antiferroelectric Zirconia,"Theme, prerequisites, and difficulty are editorial classifications; material tags use explicit title terms only unless assessed in the source ledger.",No author release verified for this record; not evidence that none exists.,Not substantively assessed from metadata; use linked primary source.,Earliest verified/indexed date; partial dates retained at source precision. Conference event and posting dates may differ.,advanced,10.1109/vlsi-tsa54299.2022.9771025,2022-04-18,[],10.1109/vlsi-tsa54299.2022.9771025,2022-04-18,2022-04-18,"[""Georgia Institute of Technology""]","Quantitative claims, experimental controls, and reproducibility not assessed.",ZrO2,OpenAlex + Crossref publisher deposit,Published scholarly venue; individual review process not independently audited,"crystal symmetry, thermodynamics, microscopy",2022-04-18,,{},[],False,https://doi.org/10.1109/vlsi-tsa54299.2022.9771025,Not individually verified unless noted in source ledger.,"Materials, domains, and characterization",The Effect of Annealing Temperature on Antiferroelectric Zirconia,proceedings-article,"2022 International Symposium on VLSI Technology, Systems and Applications (VLSI-TSA)",[]
True,,metadata only,Georgia Tech affiliation in indexed authorship,"[""Yuan-Chun Luo"", ""Huacheng Ye"", ""Wriddhi Chakraborty"", ""Jae Hur"", ""Prasanna Venkatesan Ravindran"", ""Prof. Asif Khan"", ""Suman Datta"", ""Shimeng Yu""]",Title-level scope: Low-Frequency Noise Characteristics of BEOL-Compatible IWO Transistor,"Theme, prerequisites, and difficulty are editorial classifications; material tags use explicit title terms only unless assessed in the source ledger.",No author release verified for this record; not evidence that none exists.,Not substantively assessed from metadata; use linked primary source.,Earliest verified/indexed date; partial dates retained at source precision. Conference event and posting dates may differ.,advanced,10.1109/snw56633.2022.9889056,2022-06-11,[],10.1109/snw56633.2022.9889056,2022-06-11,2022-06-11,"[""Georgia Institute of Technology""]","Quantitative claims, experimental controls, and reproducibility not assessed.",In2O3 / doped oxide channel,OpenAlex + Crossref publisher deposit,Published scholarly venue; individual review process not independently audited,"defects, rates, measurement protocols",2022-06-11,,{},[],False,https://doi.org/10.1109/snw56633.2022.9889056,Not individually verified unless noted in source ledger.,Reliability and measurement,Low-Frequency Noise Characteristics of BEOL-Compatible IWO Transistor,proceedings-article,2022 IEEE Silicon Nanoelectronics Workshop (SNW),[]
True,,metadata only,Georgia Tech affiliation in indexed authorship,"[""Gihun Choe"", ""Prasanna Venkatesan Ravindran"", ""Anni Lu"", ""Jae Hur"", ""Maximilian Lederer"", ""Andre Reck"", ""Sarah Lombardo"", ""Nashrah Afroze"", ""Josh Kacher"", ""Prof. Asif Khan"", ""Shimeng Yu""]",Title-level scope: Machine Learning Assisted Statistical Variation Analysis of Ferroelectric Transistors: From Experimental Metrology to Predictive Modeling,"Theme, prerequisites, and difficulty are editorial classifications; material tags use explicit title terms only unless assessed in the source ledger.",No author release verified for this record; not evidence that none exists.,Not substantively assessed from metadata; use linked primary source.,Earliest verified/indexed date; partial dates retained at source precision. Conference event and posting dates may differ.,advanced,10.1109/vlsitechnologyandcir46769.2022.9830392,2022-06-12,[],10.1109/vlsitechnologyandcir46769.2022.9830392,2022-06-12,2022-06-12,"[""Georgia Institute of Technology""]","Quantitative claims, experimental controls, and reproducibility not assessed.",Not determined from metadata; inspect source,OpenAlex + Crossref publisher deposit,Published scholarly venue; individual review process not independently audited,"inverse problems, transport, statistics",2022-06-12,,{},[],False,https://doi.org/10.1109/vlsitechnologyandcir46769.2022.9830392,Not individually verified unless noted in source ledger.,Modeling and AI-assisted inference,Machine Learning Assisted Statistical Variation Analysis of Ferroelectric Transistors: From Experimental Metrology to Predictive Modeling,proceedings-article,2022 IEEE Symposium on VLSI Technology and Circuits (VLSI Technology and Circuits),[]
True,,metadata only,Georgia Tech affiliation in indexed authorship,"[""Zheng Wang"", ""Nujhat Tasneem"", ""Hang Chen"", ""Shimeng Yu"", ""Winston Chern"", ""Prof. Asif Khan""]",Title-level scope: Improved Endurance with Electron-Only Switching in Ferroelectric Devices,"Theme, prerequisites, and difficulty are editorial classifications; material tags use explicit title terms only unless assessed in the source ledger.",No author release verified for this record; not evidence that none exists.,Not substantively assessed from metadata; use linked primary source.,Earliest verified/indexed date; partial dates retained at source precision. Conference event and posting dates may differ.,advanced,10.1109/drc55272.2022.9855823,2022-06-26,[],10.1109/drc55272.2022.9855823,2022-06-26,2022-06-26,"[""Georgia Institute of Technology""]","Quantitative claims, experimental controls, and reproducibility not assessed.",Not determined from metadata; inspect source,OpenAlex + Crossref publisher deposit,Published scholarly venue; individual review process not independently audited,"defects, rates, measurement protocols",2022-06-26,,{},[],False,https://doi.org/10.1109/drc55272.2022.9855823,Not individually verified unless noted in source ledger.,Reliability and measurement,Improved Endurance with Electron-Only Switching in Ferroelectric Devices,proceedings-article,2022 Device Research Conference (DRC),[]
True,,metadata only,Georgia Tech affiliation in indexed authorship,"[""Kisung Chae"", ""Sarah F. Lombardo"", ""Nujhat Tasneem"", ""Mengkun Tian"", ""Harish Kumarasubramanian"", ""Jae Hur"", ""Winston Chern"", ""Shimeng Yu"", ""Claudia Richter"", ""Patrick D. Lomenzo"", ""Michael Hoffmann"", ""Uwe Schroeder"", ""Dina Triyoso"", ""Steven Consiglio"", ""Kanda Tapily"", ""Robert Clark"", ""Gert Leusink"", ""Nazanin Bassiri-Gharb"", ""Prab Bandaru"", ""Jayakanth Ravichandran"", ""Andrew Kummel"", ""Kyeongjae Cho"", ""Josh Kacher"", ""Prof. Asif Khan""]",Title-level scope: Local Epitaxial Templating Effects in Ferroelectric and Antiferroelectric ZrO2,"Theme, prerequisites, and difficulty are editorial classifications; material tags use explicit title terms only unless assessed in the source ledger.",No author release verified for this record; not evidence that none exists.,Not substantively assessed from metadata; use linked primary source.,Earliest verified/indexed date; partial dates retained at source precision. Conference event and posting dates may differ.,advanced,10.1021/acsami.2c03151,2022-08-05,[],10.1021/acsami.2c03151,2022-08-05,2022-08-17,"[""Georgia Institute of Technology""]","Quantitative claims, experimental controls, and reproducibility not assessed.",ZrO2,OpenAlex + Crossref publisher deposit,Published scholarly venue; individual review process not independently audited,"crystal symmetry, thermodynamics, microscopy",2022-08-05,2022-08-05,{},[],False,https://doi.org/10.1021/acsami.2c03151,Not individually verified unless noted in source ledger.,"Materials, domains, and characterization",Local Epitaxial Templating Effects in Ferroelectric and Antiferroelectric ZrO2,journal-article,ACS Applied Materials &amp; Interfaces,[]
True,,metadata only,Georgia Tech affiliation in indexed authorship,"[""Jae Hur"", ""Chinsung Park"", ""Gihun Choe"", ""Prasanna Venkatesan Ravindran"", ""Prof. Asif Khan"", ""Shimeng Yu""]",Title-level scope: Characterizing HfO2-Based Ferroelectric Tunnel Junction in Cryogenic Temperature,"Theme, prerequisites, and difficulty are editorial classifications; material tags use explicit title terms only unless assessed in the source ledger.",No author release verified for this record; not evidence that none exists.,Not substantively assessed from metadata; use linked primary source.,Earliest verified/indexed date; partial dates retained at source precision. Conference event and posting dates may differ.,advanced,10.1109/ted.2022.3200919,2022-08-31,[],10.1109/ted.2022.3200919,2022-08-31,2022-10,"[""Georgia Institute of Technology""]","Quantitative claims, experimental controls, and reproducibility not assessed.",HZO / hafnia,OpenAlex + Crossref publisher deposit,Published scholarly venue; individual review process not independently audited,"crystal symmetry, thermodynamics, microscopy",2022-10,,{},[],False,https://doi.org/10.1109/ted.2022.3200919,Not individually verified unless noted in source ledger.,"Materials, domains, and characterization",Characterizing HfO2-Based Ferroelectric Tunnel Junction in Cryogenic Temperature,journal-article,IEEE Transactions on Electron Devices,[]
True,,metadata only,Georgia Tech affiliation in indexed authorship,"[""Nujhat Tasneem"", ""Harshil Kashyap"", ""Kisung Chae"", ""Chinsung Park"", ""Ping-che Lee"", ""Sarah F Lombardo"", ""Nashrah Afroze"", ""Mengkun Tian"", ""Harish Kumarasubramanian"", ""Jae Hur"", ""Hang Chen"", ""Winston Chern"", ""Shimeng Yu"", ""Prabhakar Bandaru"", ""Jayakanth Ravichandran"", ""Kyeongjae Cho"", ""Josh Kacher"", ""Andrew C. Kummel"", ""Prof. Asif Khan""]",Title-level scope: Remote Oxygen Scavenging of the Interfacial Oxide Layer in Ferroelectric Hafnium–Zirconium Oxide-Based Metal–Oxide–Semiconductor Structures,"Theme, prerequisites, and difficulty are editorial classifications; material tags use explicit title terms only unless assessed in the source ledger.",No author release verified for this record; not evidence that none exists.,Not substantively assessed from metadata; use linked primary source.,Earliest verified/indexed date; partial dates retained at source precision. Conference event and posting dates may differ.,advanced,10.1021/acsami.2c11736,2022-09-19,[],10.1021/acsami.2c11736,2022-09-19,2022-09-28,"[""Georgia Institute of Technology""]","Quantitative claims, experimental controls, and reproducibility not assessed.",ZrO2; HZO / hafnia,OpenAlex + Crossref publisher deposit,Published scholarly venue; individual review process not independently audited,"crystal symmetry, thermodynamics, microscopy",2022-09-19,2022-09-19,{},[],False,https://doi.org/10.1021/acsami.2c11736,Not individually verified unless noted in source ledger.,"Materials, domains, and characterization",Remote Oxygen Scavenging of the Interfacial Oxide Layer in Ferroelectric Hafnium–Zirconium Oxide-Based Metal–Oxide–Semiconductor Structures,journal-article,ACS Applied Materials &amp; Interfaces,[]
True,,metadata only,Georgia Tech affiliation in indexed authorship,"[""Matthias Passlack"", ""Nujhat Tasneem"", ""Zheng Wang"", ""Khandker A. Aabrar"", ""Jae Hur"", ""Hang Chen"", ""Vincent D.-H. Hou"", ""Chih-Sheng Chang"", ""Meng-Fan Chang"", ""Shimeng Yu"", ""Winston Chern"", ""Suman Datta"", ""Prof. Asif Khan""]",Title-level scope: Direct Quantitative Extraction of Internal Variables from Measured PUND Characteristics Providing New Key Insights into Physics and Performance of Silicon and Oxide Channel Ferroelectric FETs,"Theme, prerequisites, and difficulty are editorial classifications; material tags use explicit title terms only unless assessed in the source ledger.",No author release verified for this record; not evidence that none exists.,Not substantively assessed from metadata; use linked primary source.,Earliest verified/indexed date; partial dates retained at source precision. Conference event and posting dates may differ.,advanced,10.1109/iedm45625.2022.10019459,2022-12-03,[],10.1109/iedm45625.2022.10019459,2022-12-03,2022-12-03,"[""Georgia Institute of Technology""]","Quantitative claims, experimental controls, and reproducibility not assessed.",Not determined from metadata; inspect source,OpenAlex + Crossref publisher deposit,Published scholarly venue; individual review process not independently audited,"crystal symmetry, thermodynamics, microscopy",2022-12-03,,{},[],False,https://doi.org/10.1109/iedm45625.2022.10019459,Not individually verified unless noted in source ledger.,"Materials, domains, and characterization",Direct Quantitative Extraction of Internal Variables from Measured PUND Characteristics Providing New Key Insights into Physics and Performance of Silicon and Oxide Channel Ferroelectric FETs,proceedings-article,2022 International Electron Devices Meeting (IEDM),[]
True,,metadata only,Georgia Tech affiliation in indexed authorship,"[""Dipjyoti Das"", ""Prasanna Venkatesan Ravindran"", ""Chinsung Park"", ""Nujhat Tasneem"", ""Zheng Wang"", ""Hang Chen"", ""Winston Chern"", ""Shimeng Yu"", ""Suman Datta"", ""Prof. Asif Khan""]",Title-level scope: A Ge-Channel Ferroelectric Field Effect Transistor With Logic-Compatible Write Voltage,"Theme, prerequisites, and difficulty are editorial classifications; material tags use explicit title terms only unless assessed in the source ledger.",No author release verified for this record; not evidence that none exists.,Not substantively assessed from metadata; use linked primary source.,Earliest verified/indexed date; partial dates retained at source precision. Conference event and posting dates may differ.,intermediate,10.1109/led.2022.3231123,2022-12-20,[],10.1109/led.2022.3231123,2022-12-20,2023-02,"[""Georgia Institute of Technology""]","Quantitative claims, experimental controls, and reproducibility not assessed.",Ge channel,OpenAlex + Crossref publisher deposit,Published scholarly venue; individual review process not independently audited,"transport, interfaces, threshold extraction",2023-02,,{},[],False,https://doi.org/10.1109/led.2022.3231123,Not individually verified unless noted in source ledger.,Oxide-channel and transistor engineering,A Ge-Channel Ferroelectric Field Effect Transistor With Logic-Compatible Write Voltage,journal-article,IEEE Electron Device Letters,[]
False,,metadata only,Georgia Tech affiliation in indexed authorship,"[""Priyankka Gundlapudi Ravikumar"", ""Prof. Asif Khan""]",Title-level scope: Reliability of ferroelectric devices,"Theme, prerequisites, and difficulty are editorial classifications; material tags use explicit title terms only unless assessed in the source ledger.",No author release verified for this record; not evidence that none exists.,Not substantively assessed from metadata; use linked primary source.,Earliest verified/indexed date; partial dates retained at source precision. Conference event and posting dates may differ.,advanced,10.1016/bs.semsem.2023.11.001,2023,[],10.1016/bs.semsem.2023.11.001,2023-01-01,2023,"[""Georgia Institute of Technology""]","Quantitative claims, experimental controls, and reproducibility not assessed.",Not determined from metadata; inspect source,OpenAlex + Crossref publisher deposit,Published scholarly venue; individual review process not independently audited,"defects, rates, measurement protocols",2023,,{},[],False,https://doi.org/10.1016/bs.semsem.2023.11.001,Not individually verified unless noted in source ledger.,Reliability and measurement,Reliability of ferroelectric devices,book-chapter,Semiconductors and Semimetals; Emerging Ferroelectric Materials and Devices,[]
True,,metadata only,Georgia Tech affiliation in indexed authorship,"[""Nujhat Tasneem"", ""Zheng Wang"", ""Hang Chen"", ""Shimeng Yu"", ""Winston Chern"", ""Prof. Asif Khan""]",Title-level scope: Immediate Read-After-Write Capability in p-Type Ferroelectric Field-Effect Transistors and Its Evolution With Fatigue Cycling,"Theme, prerequisites, and difficulty are editorial classifications; material tags use explicit title terms only unless assessed in the source ledger.",No author release verified for this record; not evidence that none exists.,Not substantively assessed from metadata; use linked primary source.,Earliest verified/indexed date; partial dates retained at source precision. Conference event and posting dates may differ.,advanced,10.1109/tdmr.2023.3240319,2023-01-27,[],10.1109/tdmr.2023.3240319,2023-01-27,2023-03,"[""Georgia Institute of Technology""]","Quantitative claims, experimental controls, and reproducibility not assessed.",Not determined from metadata; inspect source,OpenAlex + Crossref publisher deposit,Published scholarly venue; individual review process not independently audited,"defects, rates, measurement protocols",2023-03,,{},[],False,https://doi.org/10.1109/tdmr.2023.3240319,Not individually verified unless noted in source ledger.,Reliability and measurement,Immediate Read-After-Write Capability in p-Type Ferroelectric Field-Effect Transistors and Its Evolution With Fatigue Cycling,journal-article,IEEE Transactions on Device and Materials Reliability,[]
True,,metadata only,Georgia Tech affiliation in indexed authorship,"[""Gihun Choe"", ""Prasanna Venkatesan Ravindran"", ""Jae Hur"", ""Maximilian Lederer"", ""André Reck"", ""Prof. Asif Khan"", ""Shimeng Yu""]",Title-level scope: Machine Learning-Assisted Statistical Variation Analysis of Ferroelectric Transistor: From Experimental Metrology to Adaptive Modeling,"Theme, prerequisites, and difficulty are editorial classifications; material tags use explicit title terms only unless assessed in the source ledger.",No author release verified for this record; not evidence that none exists.,Not substantively assessed from metadata; use linked primary source.,Earliest verified/indexed date; partial dates retained at source precision. Conference event and posting dates may differ.,advanced,10.1109/ted.2023.3244764,2023-02-24,[],10.1109/ted.2023.3244764,2023-02-24,2023-04,"[""Georgia Institute of Technology""]","Quantitative claims, experimental controls, and reproducibility not assessed.",Not determined from metadata; inspect source,OpenAlex + Crossref publisher deposit,Published scholarly venue; individual review process not independently audited,"inverse problems, transport, statistics",2023-04,,{},[],False,https://doi.org/10.1109/ted.2023.3244764,Not individually verified unless noted in source ledger.,Modeling and AI-assisted inference,Machine Learning-Assisted Statistical Variation Analysis of Ferroelectric Transistor: From Experimental Metrology to Adaptive Modeling,journal-article,IEEE Transactions on Electron Devices,[]
True,,metadata only,Georgia Tech affiliation in indexed authorship,"[""Omkar Phadke"", ""Khandker Akif Aabrar"", ""Yuan-chun Luo"", ""Sharadindu Gopal Kirtania"", ""Prof. Asif Khan"", ""Suman Datta"", ""Shimeng Yu""]",Title-level scope: Low-Frequency Noise Characteristics of Ferroelectric Field-Effect Transistors,"Theme, prerequisites, and difficulty are editorial classifications; material tags use explicit title terms only unless assessed in the source ledger.",No author release verified for this record; not evidence that none exists.,Not substantively assessed from metadata; use linked primary source.,Earliest verified/indexed date; partial dates retained at source precision. Conference event and posting dates may differ.,advanced,10.1109/irps48203.2023.10117771,2023-03,[],10.1109/irps48203.2023.10117771,2023-03-01,2023-03,"[""Georgia Institute of Technology""]","Quantitative claims, experimental controls, and reproducibility not assessed.",Not determined from metadata; inspect source,OpenAlex + Crossref publisher deposit,Published scholarly venue; individual review process not independently audited,"defects, rates, measurement protocols",2023-03,,{},[],False,https://doi.org/10.1109/irps48203.2023.10117771,Not individually verified unless noted in source ledger.,Reliability and measurement,Low-Frequency Noise Characteristics of Ferroelectric Field-Effect Transistors,proceedings-article,2023 IEEE International Reliability Physics Symposium (IRPS),[]
True,,metadata only,Georgia Tech affiliation in indexed authorship,"[""M. Niemier"", ""X.S. Hu"", ""L. Liu"", ""M. Sharifi"", ""Ian O’Connor"", ""David Atienza"", ""Giovanni Ansaloni"", ""Can Li"", ""Prof. Asif Khan"", ""Daniel C. Ralph""]",Title-level scope: Cross Layer Design for the Predictive Assessment of Technology-Enabled Architectures,"Theme, prerequisites, and difficulty are editorial classifications; material tags use explicit title terms only unless assessed in the source ledger.",No author release verified for this record; not evidence that none exists.,Not substantively assessed from metadata; use linked primary source.,Earliest verified/indexed date; partial dates retained at source precision. Conference event and posting dates may differ.,advanced,10.23919/date56975.2023.10136923,2023-04,"[""https://hal.science/hal-04982729v1/document""]",10.23919/date56975.2023.10136923,2023-04-01,2023-04,"[""Georgia Institute of Technology""]","Quantitative claims, experimental controls, and reproducibility not assessed.",Not determined from metadata; inspect source,OpenAlex + Crossref publisher deposit,Published scholarly venue; individual review process not independently audited,"crystal symmetry, thermodynamics, microscopy",2023-04,,{},[],False,https://doi.org/10.23919/date56975.2023.10136923,Not individually verified unless noted in source ledger.,"Materials, domains, and characterization",Cross Layer Design for the Predictive Assessment of Technology-Enabled Architectures,proceedings-article,"2023 Design, Automation &amp; Test in Europe Conference &amp; Exhibition (DATE)",[]
True,,metadata only,Georgia Tech affiliation in indexed authorship,"[""Sola Woo"", ""Gihun Choe"", ""Prof. Asif Khan"", ""Suman Datta"", ""Shimeng Yu""]",Title-level scope: Design of Ferroelectric-Metal Field-Effect Transistor for Multi-Level-Cell 3D NAND Flash,"Theme, prerequisites, and difficulty are editorial classifications; material tags use explicit title terms only unless assessed in the source ledger.",No author release verified for this record; not evidence that none exists.,Not substantively assessed from metadata; use linked primary source.,Earliest verified/indexed date; partial dates retained at source precision. Conference event and posting dates may differ.,advanced,10.1109/imw56887.2023.10145961,2023-05,[],10.1109/imw56887.2023.10145961,2023-05-01,2023-05,"[""Georgia Institute of Technology""]","Quantitative claims, experimental controls, and reproducibility not assessed.",Not determined from metadata; inspect source,OpenAlex + Crossref publisher deposit,Published scholarly venue; individual review process not independently audited,"MOS electrostatics, polarization, trapping, arrays",2023-05,,{},[],False,https://doi.org/10.1109/imw56887.2023.10145961,Not individually verified unless noted in source ledger.,Ferroelectric storage and gate stacks,Design of Ferroelectric-Metal Field-Effect Transistor for Multi-Level-Cell 3D NAND Flash,proceedings-article,2023 IEEE International Memory Workshop (IMW),[]
True,,metadata only,Georgia Tech affiliation in indexed authorship,"[""Sharadindu Gopal Kirtania"", ""Khandker Akif Aabrar"", ""Prof. Asif Khan"", ""Shimeng Yu"", ""S. Datta""]",Title-level scope: Cold-FeFET as Embedded Non-Volatile Memory with Unlimited Cycling Endurance,"Theme, prerequisites, and difficulty are editorial classifications; material tags use explicit title terms only unless assessed in the source ledger.",No author release verified for this record; not evidence that none exists.,Not substantively assessed from metadata; use linked primary source.,Earliest verified/indexed date; partial dates retained at source precision. Conference event and posting dates may differ.,advanced,10.23919/vlsitechnologyandcir57934.2023.10185382,2023-06-11,[],10.23919/vlsitechnologyandcir57934.2023.10185382,2023-06-11,2023-06-11,"[""Georgia Institute of Technology""]","Quantitative claims, experimental controls, and reproducibility not assessed.",Not determined from metadata; inspect source,OpenAlex + Crossref publisher deposit,Published scholarly venue; individual review process not independently audited,"defects, rates, measurement protocols",2023-06-11,,{},[],False,https://doi.org/10.23919/vlsitechnologyandcir57934.2023.10185382,Not individually verified unless noted in source ledger.,Reliability and measurement,Cold-FeFET as Embedded Non-Volatile Memory with Unlimited Cycling Endurance,proceedings-article,2023 IEEE Symposium on VLSI Technology and Circuits (VLSI Technology and Circuits),[]
True,https://arxiv.org/pdf/2605.26536,full text: selected relevant sections; not every reference or supplement audited,Georgia Tech affiliation in indexed authorship,"[""Prasanna Venkatesan Ravindran"", ""Priyankka Gundlapudi Ravikumar"", ""Prof. Asif Khan""]",When is homogeneous negative capacitance stable against domains?,"Theme, prerequisites, and difficulty are editorial classifications; material tags use explicit title terms only unless assessed in the source ledger.",No author release verified for this record; not evidence that none exists.,Analytical stability analysis makes domain-wall energy and layer thickness explicit.,Earliest verified/indexed date; partial dates retained at source precision. Conference event and posting dates may differ.,advanced,10.1109/ted.2023.3278617,2023-06-26,"[""https://arxiv.org/pdf/2605.26536"", ""https://arxiv.org/pdf/2605.26536v1""]",10.1109/ted.2023.3278617,2023-06-26,2023-08,"[""Georgia Institute of Technology""]",Model assumptions and domain formation govern the result; no generic logic-energy gain follows.,Not determined from metadata; inspect source,OpenAlex + Crossref publisher deposit,Published scholarly venue; individual review process not independently audited,"crystal symmetry, thermodynamics, microscopy",2023-08,,{},[],False,https://doi.org/10.1109/ted.2023.3278617,Not individually verified unless noted in source ledger.,"Materials, domains, and characterization",Conditions for Domain-Free Negative Capacitance,journal-article,IEEE Transactions on Electron Devices,"[{""arxiv_id"": ""2605.26536"", ""version"": ""2605.26536v1"", ""first_posted"": ""2026-05-26"", ""updated"": ""2026-05-26T04:37:36Z"", ""journal_reference"": ""IEEE Transactions on Electron Devices 70.8 (2023): 4493-4496"", ""comment"": null}]"
True,,metadata only,Georgia Tech affiliation in indexed authorship,"[""Chinsung Park"", ""Harshil Kashyap"", ""Dipjyoti Das"", ""Jae Hur"", ""Nujhat Tasneem"", ""Sarah Lombardo"", ""Nashrah Afroze"", ""Winston Chern"", ""Andrew C. Kummel"", ""Shimeng Yu"", ""Prof. Asif Khan""]",Title-level scope: Interfacial Oxide Layer Scavenging in Ferroelectric Hf0.5Zr0.5O2-Based MOS Structures With Ge Channel for Reduced Write Voltages,"Theme, prerequisites, and difficulty are editorial classifications; material tags use explicit title terms only unless assessed in the source ledger.",No author release verified for this record; not evidence that none exists.,Not substantively assessed from metadata; use linked primary source.,Earliest verified/indexed date; partial dates retained at source precision. Conference event and posting dates may differ.,advanced,10.1109/ted.2023.3288510,2023-07-10,[],10.1109/ted.2023.3288510,2023-07-10,2023-08,"[""Georgia Institute of Technology""]","Quantitative claims, experimental controls, and reproducibility not assessed.",Ge channel,OpenAlex + Crossref publisher deposit,Published scholarly venue; individual review process not independently audited,"crystal symmetry, thermodynamics, microscopy",2023-08,,{},[],False,https://doi.org/10.1109/ted.2023.3288510,Not individually verified unless noted in source ledger.,"Materials, domains, and characterization",Interfacial Oxide Layer Scavenging in Ferroelectric Hf0.5Zr0.5O2-Based MOS Structures With Ge Channel for Reduced Write Voltages,journal-article,IEEE Transactions on Electron Devices,[]
True,,metadata only,Georgia Tech affiliation in indexed authorship,"[""Daniel B Durham"", ""Khandker Akif Aabrar"", ""Prasanna Venkatesan Ravindran"", ""Nestor J Zaluzec"", ""Liliana Stan"", ""Prof. Asif Khan"", ""Suman Datta"", ""Supratik Guha"", ""Charudatta Phatak""]",Title-level scope: Quantitative Electrostatic Potential Mapping in Dense Polycrystalline Functional Materials and Devices,"Theme, prerequisites, and difficulty are editorial classifications; material tags use explicit title terms only unless assessed in the source ledger.",No author release verified for this record; not evidence that none exists.,Not substantively assessed from metadata; use linked primary source.,Earliest verified/indexed date; partial dates retained at source precision. Conference event and posting dates may differ.,advanced,10.1093/micmic/ozad067.129,2023-07-22,"[""https://academic.oup.com/mam/article-pdf/29/Supplement_1/280/50932289/ozad067.129.pdf""]",10.1093/micmic/ozad067.129,2023-07-22,2023-07-22,"[""Georgia Institute of Technology""]","Quantitative claims, experimental controls, and reproducibility not assessed.",Not determined from metadata; inspect source,OpenAlex + Crossref publisher deposit,Published scholarly venue; individual review process not independently audited,"crystal symmetry, thermodynamics, microscopy",2023-07-22,2023-07-22,{},[],False,https://doi.org/10.1093/micmic/ozad067.129,Not individually verified unless noted in source ledger.,"Materials, domains, and characterization",Quantitative Electrostatic Potential Mapping in Dense Polycrystalline Functional Materials and Devices,journal-article,Microscopy and Microanalysis,[]
True,,metadata only,Georgia Tech affiliation in indexed authorship,"[""Tae-Hyeon Kim"", ""Omkar Phadke"", ""Yuan-Chun Luo"", ""Halid Mulaosmanovic"", ""Johannes Mueller"", ""Stefan Duenkel"", ""Sven Beyer"", ""Prof. Asif Khan"", ""Suman Datta"", ""Shimeng Yu""]",Title-level scope: Tunable Non-Volatile Gate-to-Source/Drain Capacitance of FeFET for Capacitive Synapse,"Theme, prerequisites, and difficulty are editorial classifications; material tags use explicit title terms only unless assessed in the source ledger.",No author release verified for this record; not evidence that none exists.,Not substantively assessed from metadata; use linked primary source.,Earliest verified/indexed date; partial dates retained at source precision. Conference event and posting dates may differ.,advanced,10.1109/led.2023.3311344,2023-09-01,[],10.1109/led.2023.3311344,2023-09-01,2023-10,"[""Georgia Institute of Technology""]","Quantitative claims, experimental controls, and reproducibility not assessed.",Not determined from metadata; inspect source,OpenAlex + Crossref publisher deposit,Published scholarly venue; individual review process not independently audited,"circuits, sensing, precision, architecture",2023-10,,{},[],False,https://doi.org/10.1109/led.2023.3311344,Not individually verified unless noted in source ledger.,"Circuits, memory architectures, and computing",Tunable Non-Volatile Gate-to-Source/Drain Capacitance of FeFET for Capacitive Synapse,journal-article,IEEE Electron Device Letters,[]
True,,metadata only,Georgia Tech affiliation in indexed authorship,"[""Dipjyoti Das"", ""Hyeonwoo Park"", ""Zekai Wang"", ""Chengyang Zhang"", ""Prasanna Venkatesan Ravindran"", ""Chinsung Park"", ""Nashrah Afroze"", ""Po-Kai Hsu"", ""Mengkun Tian"", ""Hang Chen"", ""Winston Chern"", ""Suhwan Lim"", ""Kwangsoo Kim"", ""Kijoon Kim"", ""Wanki Kim"", ""Daewon Ha"", ""Shimeng Yu"", ""Suman Datta"", ""Prof. Asif Khan""]",Title-level scope: Experimental demonstration and modeling of a ferroelectric gate stack with a tunnel dielectric insert for NAND applications,"Theme, prerequisites, and difficulty are editorial classifications; material tags use explicit title terms only unless assessed in the source ledger.",No author release verified for this record; not evidence that none exists.,Not substantively assessed from metadata; use linked primary source.,Earliest verified/indexed date; partial dates retained at source precision. Conference event and posting dates may differ.,advanced,10.1109/iedm45741.2023.10413697,2023-12-09,[],10.1109/iedm45741.2023.10413697,2023-12-09,2023-12-09,"[""Georgia Institute of Technology""]","Quantitative claims, experimental controls, and reproducibility not assessed.",Not determined from metadata; inspect source,OpenAlex + Crossref publisher deposit,Published scholarly venue; individual review process not independently audited,"MOS electrostatics, polarization, trapping, arrays",2023-12-09,,{},[],False,https://doi.org/10.1109/iedm45741.2023.10413697,Not individually verified unless noted in source ledger.,Ferroelectric storage and gate stacks,Experimental demonstration and modeling of a ferroelectric gate stack with a tunnel dielectric insert for NAND applications,proceedings-article,2023 International Electron Devices Meeting (IEDM),[]
True,,metadata only,Georgia Tech affiliation in indexed authorship,"[""Khandker Akif Aabrar"", ""Sharadindu Gopal Kirtania"", ""Sunbin Deng"", ""Gihun Choe"", ""Prof. Asif Khan"", ""Shimeng Yu"", ""Suman Datta""]",Title-level scope: Improved Reliability and Enhanced Performance in BEOL Compatible W-doped In2O3 Dual-Gate Transistor,"Theme, prerequisites, and difficulty are editorial classifications; material tags use explicit title terms only unless assessed in the source ledger.",No author release verified for this record; not evidence that none exists.,Not substantively assessed from metadata; use linked primary source.,Earliest verified/indexed date; partial dates retained at source precision. Conference event and posting dates may differ.,advanced,10.1109/iedm45741.2023.10413776,2023-12-09,[],10.1109/iedm45741.2023.10413776,2023-12-09,2023-12-09,"[""Georgia Institute of Technology""]","Quantitative claims, experimental controls, and reproducibility not assessed.",In2O3 / doped oxide channel,OpenAlex + Crossref publisher deposit,Published scholarly venue; individual review process not independently audited,"defects, rates, measurement protocols",2023-12-09,,{},[],False,https://doi.org/10.1109/iedm45741.2023.10413776,Not individually verified unless noted in source ledger.,Reliability and measurement,Improved Reliability and Enhanced Performance in BEOL Compatible W-doped In2O3 Dual-Gate Transistor,proceedings-article,2023 International Electron Devices Meeting (IEDM),[]
True,,metadata only,Georgia Tech affiliation in indexed authorship,"[""Chinsung Park"", ""Prasanna Venkat Ravindran"", ""Dipjyoti Das"", ""Priyankka Gundlapudi Ravikumar"", ""Chengyang Zhang"", ""Nashrah Afroze"", ""Lance Fernandes"", ""Yu Hsin Kuo"", ""Jae Hur"", ""Hang Chen"", ""Mengkun Tian"", ""Winston Chern"", ""Shimeng Yu"", ""Prof. Asif Khan""]",Title-level scope: Plasma-Enhanced Atomic Layer Deposition-Based Ferroelectric Field-Effect Transistors,"Theme, prerequisites, and difficulty are editorial classifications; material tags use explicit title terms only unless assessed in the source ledger.",No author release verified for this record; not evidence that none exists.,Not substantively assessed from metadata; use linked primary source.,Earliest verified/indexed date; partial dates retained at source precision. Conference event and posting dates may differ.,intermediate,10.1109/jeds.2024.3434598,2024,[],10.1109/jeds.2024.3434598,2024-01-01,2024,"[""Georgia Institute of Technology""]","Quantitative claims, experimental controls, and reproducibility not assessed.",Not determined from metadata; inspect source,OpenAlex + Crossref publisher deposit,Published scholarly venue; individual review process not independently audited,"transport, interfaces, threshold extraction",2024,,{},[],False,https://doi.org/10.1109/jeds.2024.3434598,Not individually verified unless noted in source ledger.,Oxide-channel and transistor engineering,Plasma-Enhanced Atomic Layer Deposition-Based Ferroelectric Field-Effect Transistors,journal-article,IEEE Journal of the Electron Devices Society,[]
True,,metadata only,Georgia Tech affiliation in indexed authorship,"[""Dipjyoti Das"", ""Hyeonwoo Park"", ""Zekai Wang"", ""Chengyang Zhang"", ""Prasanna Venkatesan Ravindran"", ""Chinsung Park"", ""Nashrah Afroze"", ""Po-Kai Hsu"", ""Mengkun Tian"", ""Hang Chen"", ""Winston Chern"", ""Suhwan Lim"", ""Kwangsoo Kim"", ""Kijoon Kim"", ""Wanki Kim"", ""Daewon Ha"", ""Shimeng Yu"", ""Suman Datta"", ""Prof. Asif Khan""]",Title-level scope: Ferroelectric Gate Stack Engineering with Tunnel Dielectric Insert for Achieving High MemoryWindow in FEFETs for NAND Applications,"Theme, prerequisites, and difficulty are editorial classifications; material tags use explicit title terms only unless assessed in the source ledger.",No author release verified for this record; not evidence that none exists.,Not substantively assessed from metadata; use linked primary source.,Earliest verified/indexed date; partial dates retained at source precision. Conference event and posting dates may differ.,advanced,10.1109/edtm58488.2024.10511400,2024-03-03,[],10.1109/edtm58488.2024.10511400,2024-03-03,2024-03-03,"[""Atlanta Technical College"", ""Georgia Institute of Technology""]","Quantitative claims, experimental controls, and reproducibility not assessed.",Not determined from metadata; inspect source,OpenAlex + Crossref publisher deposit,Published scholarly venue; individual review process not independently audited,"MOS electrostatics, polarization, trapping, arrays",2024-03-03,,{},[],False,https://doi.org/10.1109/edtm58488.2024.10511400,Not individually verified unless noted in source ledger.,Ferroelectric storage and gate stacks,Ferroelectric Gate Stack Engineering with Tunnel Dielectric Insert for Achieving High MemoryWindow in FEFETs for NAND Applications,proceedings-article,2024 8th IEEE Electron Devices Technology &amp;amp; Manufacturing Conference (EDTM),[]
True,,metadata only,Georgia Tech affiliation in indexed authorship,"[""M. Niemier"", ""Z. Enciso"", ""M. Sharifi"", ""X.S. Hu"", ""Ian O'Connor"", ""A. Graening"", ""R. Sharma"", ""P. Gupta"", ""J. Castrillon"", ""J.P.C. Lima"", ""A.A. Khan"", ""H. Farzaneh"", ""N. Afroze"", ""Prof. Asif Khan"", ""Julien Ryckaert""]","Title-level scope: Smoothing Disruption Across the Stack: Tales of Memory, Heterogeneity, & Compilers","Theme, prerequisites, and difficulty are editorial classifications; material tags use explicit title terms only unless assessed in the source ledger.",No author release verified for this record; not evidence that none exists.,Not substantively assessed from metadata; use linked primary source.,Earliest verified/indexed date; partial dates retained at source precision. Conference event and posting dates may differ.,advanced,10.23919/date58400.2024.10546772,2024-03-25,"[""https://hal.science/hal-04982725v1/document""]",10.23919/date58400.2024.10546772,2024-03-25,2024-03-25,"[""Georgia Institute of Technology"", ""Technische Universität Dresden""]","Quantitative claims, experimental controls, and reproducibility not assessed.",Not determined from metadata; inspect source,OpenAlex + Crossref publisher deposit,Published scholarly venue; individual review process not independently audited,"crystal symmetry, thermodynamics, microscopy",2024-03-25,,{},[],False,https://doi.org/10.23919/date58400.2024.10546772,Not individually verified unless noted in source ledger.,"Materials, domains, and characterization","Smoothing Disruption Across the Stack: Tales of Memory, Heterogeneity, & Compilers",proceedings-article,"2024 Design, Automation &amp;amp; Test in Europe Conference &amp;amp; Exhibition (DATE)",[]
True,,metadata only,Georgia Tech affiliation in indexed authorship,"[""Matthias Passlack"", ""Nujhat Tasneem"", ""Chinsung Park"", ""Prasanna Venkat Ravindran"", ""Hang Chen"", ""Dipjyoti Das"", ""Shimeng Yu"", ""Edward Chen"", ""Jer-Fu Wang"", ""Chih-Sheng Chang"", ""Yu-Ming Lin"", ""Iuliana Radu"", ""Prof. Asif Khan""]",Title-level scope: The origin of memory window closure with bipolar stress cycling in silicon ferroelectric field-effect-transistors,"Theme, prerequisites, and difficulty are editorial classifications; material tags use explicit title terms only unless assessed in the source ledger.",No author release verified for this record; not evidence that none exists.,Not substantively assessed from metadata; use linked primary source.,Earliest verified/indexed date; partial dates retained at source precision. Conference event and posting dates may differ.,advanced,10.1063/5.0180919,2024-04-01,"[""https://pubs.aip.org/aip/jap/article-pdf/doi/10.1063/5.0180919/19862402/134501_1_5.0180919.pdf""]",10.1063/5.0180919,2024-04-01,2024-04-07,"[""Georgia Institute of Technology""]","Quantitative claims, experimental controls, and reproducibility not assessed.",Not determined from metadata; inspect source,OpenAlex + Crossref publisher deposit,Published scholarly venue; individual review process not independently audited,"defects, rates, measurement protocols",2024-04-01,2024-04-01,{},[],False,https://doi.org/10.1063/5.0180919,Not individually verified unless noted in source ledger.,Reliability and measurement,The origin of memory window closure with bipolar stress cycling in silicon ferroelectric field-effect-transistors,journal-article,Journal of Applied Physics,[]
True,,metadata only,Georgia Tech affiliation in indexed authorship,"[""Priyankka Gundlapudi Ravikumar"", ""Prasanna Venkatesan Ravindran"", ""Khandker Akif Aabrar"", ""Taeyoung Song"", ""Sharadindu Gopal Kirtania"", ""Dipjyoti Das"", ""Chinsung Park"", ""Nashrah Afroze"", ""Mengkun Tian"", ""Shimeng Yu"", ""Ahmad Ehtesham Islam"", ""Suman Datta"", ""Souvik Mahapatra"", ""Prof. Asif Khan""]",Title-level scope: Comprehensive Time Dependent Dielectric Breakdown (TDDB) Characterization of Ferroelectric Capacitors Under Bipolar Stress Conditions,"Theme, prerequisites, and difficulty are editorial classifications; material tags use explicit title terms only unless assessed in the source ledger.",No author release verified for this record; not evidence that none exists.,Not substantively assessed from metadata; use linked primary source.,Earliest verified/indexed date; partial dates retained at source precision. Conference event and posting dates may differ.,advanced,10.1109/irps48228.2024.10529414,2024-04-14,[],10.1109/irps48228.2024.10529414,2024-04-14,2024-04-14,"[""Georgia Institute of Technology""]","Quantitative claims, experimental controls, and reproducibility not assessed.",In2O3 / doped oxide channel,OpenAlex + Crossref publisher deposit,Published scholarly venue; individual review process not independently audited,"defects, rates, measurement protocols",2024-04-14,,{},[],False,https://doi.org/10.1109/irps48228.2024.10529414,Not individually verified unless noted in source ledger.,Reliability and measurement,Comprehensive Time Dependent Dielectric Breakdown (TDDB) Characterization of Ferroelectric Capacitors Under Bipolar Stress Conditions,proceedings-article,2024 IEEE International Reliability Physics Symposium (IRPS),[]
True,,metadata only,Georgia Tech affiliation in indexed authorship,"[""Dipjyoti Das"", ""Lance Fernandes"", ""Prasanna Venkatesan Ravindran"", ""Taeyoung Song"", ""Chinsung Park"", ""Nashrah Afroze"", ""Mengkun Tian"", ""Hang Chen"", ""Winston Chem"", ""Kijoon Kim"", ""Jongho Woo"", ""Suhwan Lim"", ""Kwangsoo Kim"", ""Wanki Kim"", ""Daewon Ha"", ""Shimeng Yu"", ""Suman Datta"", ""Prof. Asif Khan""]",Title-level scope: Design Framework for Ferroelectric Gate Stack Engineering of Vertical NAND Structures for Efficient TLC and QLC Operation,"Theme, prerequisites, and difficulty are editorial classifications; material tags use explicit title terms only unless assessed in the source ledger.",No author release verified for this record; not evidence that none exists.,Not substantively assessed from metadata; use linked primary source.,Earliest verified/indexed date; partial dates retained at source precision. Conference event and posting dates may differ.,advanced,10.1109/imw59701.2024.10536982,2024-05-12,[],10.1109/imw59701.2024.10536982,2024-05-12,2024-05-12,"[""Georgia Institute of Technology""]","Quantitative claims, experimental controls, and reproducibility not assessed.",Not determined from metadata; inspect source,OpenAlex + Crossref publisher deposit,Published scholarly venue; individual review process not independently audited,"MOS electrostatics, polarization, trapping, arrays",2024-05-12,,{},[],False,https://doi.org/10.1109/imw59701.2024.10536982,Not individually verified unless noted in source ledger.,Ferroelectric storage and gate stacks,Design Framework for Ferroelectric Gate Stack Engineering of Vertical NAND Structures for Efficient TLC and QLC Operation,proceedings-article,2024 IEEE International Memory Workshop (IMW),[]
True,,metadata only,Georgia Tech affiliation in indexed authorship,"[""Suman Datta"", ""E. Sarkar"", ""K. Aabrar"", ""S. Deng"", ""J. Shin"", ""A. Raychowdhury"", ""S. Yu"", ""Prof. Asif Khan""]",Title-level scope: Amorphous Oxide Semiconductors for Monolithic 3D Integrated Circuits,"Theme, prerequisites, and difficulty are editorial classifications; material tags use explicit title terms only unless assessed in the source ledger.",No author release verified for this record; not evidence that none exists.,Not substantively assessed from metadata; use linked primary source.,Earliest verified/indexed date; partial dates retained at source precision. Conference event and posting dates may differ.,intermediate,10.1109/vlsitechnologyandcir46783.2024.10631324,2024-06-16,[],10.1109/vlsitechnologyandcir46783.2024.10631324,2024-06-16,2024-06-16,"[""Georgia Institute of Technology""]","Quantitative claims, experimental controls, and reproducibility not assessed.",In2O3 / doped oxide channel,OpenAlex + Crossref publisher deposit,Published scholarly venue; individual review process not independently audited,"transport, interfaces, threshold extraction",2024-06-16,,{},[],False,https://doi.org/10.1109/vlsitechnologyandcir46783.2024.10631324,Not individually verified unless noted in source ledger.,Oxide-channel and transistor engineering,Amorphous Oxide Semiconductors for Monolithic 3D Integrated Circuits,proceedings-article,2024 IEEE Symposium on VLSI Technology and Circuits (VLSI Technology and Circuits),[]
True,https://arxiv.org/pdf/2407.13953,full text: selected relevant sections; not every reference or supplement audited,Georgia Tech affiliation in indexed authorship,"[""Harish Kumarasubramanian"", ""Prasanna Venkatesan Ravindran"", ""Ting-Ran Liu"", ""Taeyoung Song"", ""Mythili Surendran"", ""Huandong Chen"", ""Pratyush Buragohain"", ""I-Cheng Tung"", ""Arnab Sen Gupta"", ""Rachel Steinhardt"", ""Ian A. Young"", ""Yu-Tsun Shao"", ""Prof. Asif Khan"", ""Jayakanth Ravichandran""]",How does processing history control ultrathin epitaxial BaTiO3?,"Theme, prerequisites, and difficulty are editorial classifications; material tags use explicit title terms only unless assessed in the source ledger.",No author release verified for this record; not evidence that none exists.,Investigates kinetic control of ferroelectric phase behavior in epitaxial capacitors.,Earliest verified/indexed date; partial dates retained at source precision. Conference event and posting dates may differ.,intermediate,10.1063/5.0290152,2024-07-19,"[""https://arxiv.org/pdf/2407.13953v1""]",10.1063/5.0290152,2025-11-04,2025-12-01,"[""Georgia Institute of Technology""]",Epitaxial perovskite findings cannot be transferred directly to polycrystalline ALD hafnia.,BaTiO3; In2O3 / doped oxide channel,OpenAlex + Crossref publisher deposit,Published scholarly venue; individual review process not independently audited,"transport, interfaces, threshold extraction",2025-11-04,2025-11-04,{},[],False,https://doi.org/10.1063/5.0290152,Not individually verified unless noted in source ledger.,Oxide-channel and transistor engineering,Kinetic control of ferroelectricity in epitaxial barium titanate thin film capacitors,journal-article,APL Electronic Devices,"[{""arxiv_id"": ""2407.13953"", ""version"": ""2407.13953v1"", ""first_posted"": ""2024-07-19"", ""updated"": ""2024-07-19T00:03:32Z"", ""journal_reference"": null, ""comment"": null}]"
True,,metadata only,Georgia Tech affiliation in indexed authorship,"[""Lance Fernandes"", ""Prasanna Venkatesan Ravindran"", ""Taeyoung Song"", ""Dipjyoti Das"", ""Chinsung Park"", ""Nashrah Afroze"", ""Mengkun Tian"", ""Hang Chen"", ""Winston Chern"", ""Kijoon Kim"", ""Jongho Woo"", ""Suhwan Lim"", ""Kwangsoo Kim"", ""Wanki Kim"", ""Daewon Ha"", ""Shimeng Yu"", ""Suman Datta"", ""Prof. Asif Khan""]",Title-level scope: Material Choices for Tunnel Dielectric Layer and Gate Blocking Layer for Ferroelectric NAND Applications,"Theme, prerequisites, and difficulty are editorial classifications; material tags use explicit title terms only unless assessed in the source ledger.",No author release verified for this record; not evidence that none exists.,Not substantively assessed from metadata; use linked primary source.,Earliest verified/indexed date; partial dates retained at source precision. Conference event and posting dates may differ.,advanced,10.1109/led.2024.3437239,2024-08-02,[],10.1109/led.2024.3437239,2024-08-02,2024-10,"[""Georgia Institute of Technology""]","Quantitative claims, experimental controls, and reproducibility not assessed.",Not determined from metadata; inspect source,OpenAlex + Crossref publisher deposit,Published scholarly venue; individual review process not independently audited,"MOS electrostatics, polarization, trapping, arrays",2024-10,,{},[],False,https://doi.org/10.1109/led.2024.3437239,Not individually verified unless noted in source ledger.,Ferroelectric storage and gate stacks,Material Choices for Tunnel Dielectric Layer and Gate Blocking Layer for Ferroelectric NAND Applications,journal-article,IEEE Electron Device Letters,[]
False,,metadata only,Georgia Tech affiliation in indexed authorship,"[""Sola Woo"", ""Gihun Choe"", ""Prof. Asif Khan"", ""Suman Datta"", ""Shimeng Yu""]",Title-level scope: Design of Superlattice Ferroelectric-Metal Field-effect Transistor for triple-level cell 3D NAND flash,"Theme, prerequisites, and difficulty are editorial classifications; material tags use explicit title terms only unless assessed in the source ledger.",No author release verified for this record; not evidence that none exists.,Not substantively assessed from metadata; use linked primary source.,Earliest verified/indexed date; partial dates retained at source precision. Conference event and posting dates may differ.,advanced,10.1016/j.mee.2024.112276,2024-09-24,[],10.1016/j.mee.2024.112276,2024-09-24,2025-01,"[""Georgia Institute of Technology""]","Quantitative claims, experimental controls, and reproducibility not assessed.",Not determined from metadata; inspect source,OpenAlex + Crossref publisher deposit,Published scholarly venue; individual review process not independently audited,"MOS electrostatics, polarization, trapping, arrays",2025-01,,{},[],False,https://doi.org/10.1016/j.mee.2024.112276,Not individually verified unless noted in source ledger.,Ferroelectric storage and gate stacks,Design of Superlattice Ferroelectric-Metal Field-effect Transistor for triple-level cell 3D NAND flash,journal-article,Microelectronic Engineering,[]
True,,metadata only,Georgia Tech affiliation in indexed authorship,"[""Prasanna Venkatesan"", ""Chinsung Park"", ""Taeyoung Song"", ""Lance Fernandes"", ""Dipjyoti Das"", ""Nashrah Afroze"", ""Priyankka Gundlapudi Ravikumar"", ""Mengkun Tian"", ""Hang Chen"", ""Winston Chern"", ""Kijoon Kim"", ""Jongho Woo"", ""Suhwan Lim"", ""Kwangsoo Kim"", ""Wanki Kim"", ""Daewon Ha"", ""Souvik Mahapatra"", ""Shimeng Yu"", ""Suman Datta"", ""Prof. Asif Khan""]",Title-level scope: Disturb and its Mitigation in Ferroelectric Field-Effect Transistors With Large Memory Window for NAND Flash Applications,"Theme, prerequisites, and difficulty are editorial classifications; material tags use explicit title terms only unless assessed in the source ledger.",No author release verified for this record; not evidence that none exists.,Not substantively assessed from metadata; use linked primary source.,Earliest verified/indexed date; partial dates retained at source precision. Conference event and posting dates may differ.,advanced,10.1109/led.2024.3467210,2024-09-25,[],10.1109/led.2024.3467210,2024-09-25,2024-12,"[""Georgia Institute of Technology""]","Quantitative claims, experimental controls, and reproducibility not assessed.",Not determined from metadata; inspect source,OpenAlex + Crossref publisher deposit,Published scholarly venue; individual review process not independently audited,"MOS electrostatics, polarization, trapping, arrays",2024-12,,{},[],False,https://doi.org/10.1109/led.2024.3467210,Not individually verified unless noted in source ledger.,Ferroelectric storage and gate stacks,Disturb and its Mitigation in Ferroelectric Field-Effect Transistors With Large Memory Window for NAND Flash Applications,journal-article,IEEE Electron Device Letters,[]
True,,metadata only,Georgia Tech affiliation in indexed authorship,"[""Priyankka Gundlapudi Ravikumar"", ""Chinsung Park"", ""Prasanna Venkatesan Ravindran"", ""Nashrah Afroze"", ""Mengkun Tian"", ""Winston Chern"", ""Suman Datta"", ""Shimeng Yu"", ""Souvik Mahapatra"", ""Prof. Asif Khan""]",Title-level scope: First write pulse-induced interface damage in ferroelectric field-effect transistors,"Theme, prerequisites, and difficulty are editorial classifications; material tags use explicit title terms only unless assessed in the source ledger.",No author release verified for this record; not evidence that none exists.,Not substantively assessed from metadata; use linked primary source.,Earliest verified/indexed date; partial dates retained at source precision. Conference event and posting dates may differ.,intermediate,10.1109/iirw62856.2024.10947144,2024-10-06,[],10.1109/iirw62856.2024.10947144,2024-10-06,2024-10-06,"[""Georgia Institute of Technology""]","Quantitative claims, experimental controls, and reproducibility not assessed.",Not determined from metadata; inspect source,OpenAlex + Crossref publisher deposit,Published scholarly venue; individual review process not independently audited,"transport, interfaces, threshold extraction",2024-10-06,,{},[],False,https://doi.org/10.1109/iirw62856.2024.10947144,Not individually verified unless noted in source ledger.,Oxide-channel and transistor engineering,First write pulse-induced interface damage in ferroelectric field-effect transistors,proceedings-article,2024 IEEE International Integrated Reliability Workshop (IIRW),[]
True,,metadata only,Georgia Tech affiliation in indexed authorship,"[""Manifa Noor"", ""Matthew Bergschneider"", ""Jongchan Kim"", ""Nashrah Afroze"", ""Prof. Asif Khan"", ""Sou-Chi Chang"", ""Uygar E. Avci"", ""Andrew C. Kummel"", ""Kyeongjae Cho""]",Title-level scope: Nearly Barrierless Polarization Switching Mechanisms in ZrO2 Having Perpendicular In-Plane Domain Walls,"Theme, prerequisites, and difficulty are editorial classifications; material tags use explicit title terms only unless assessed in the source ledger.",No author release verified for this record; not evidence that none exists.,Not substantively assessed from metadata; use linked primary source.,Earliest verified/indexed date; partial dates retained at source precision. Conference event and posting dates may differ.,advanced,10.1021/acsami.4c07728,2024-10-30,[],10.1021/acsami.4c07728,2024-10-30,2024-11-13,"[""Georgia Institute of Technology""]","Quantitative claims, experimental controls, and reproducibility not assessed.",ZrO2,OpenAlex + Crossref publisher deposit,Published scholarly venue; individual review process not independently audited,"crystal symmetry, thermodynamics, microscopy",2024-10-30,2024-10-30,{},[],False,https://doi.org/10.1021/acsami.4c07728,Not individually verified unless noted in source ledger.,"Materials, domains, and characterization",Nearly Barrierless Polarization Switching Mechanisms in ZrO2 Having Perpendicular In-Plane Domain Walls,journal-article,ACS Applied Materials &amp; Interfaces,[]
True,,metadata only,Georgia Tech affiliation in indexed authorship,"[""Lance Fernandes"", ""Prasanna Venkatesan Ravindran"", ""Jiayi Chen"", ""Mengkun Tian"", ""Dipjyoti Das"", ""Hang Chen"", ""Winston Chern"", ""Kijoon Kim"", ""Jongho Woo"", ""Suhwan Lim"", ""Kwangsoo Kim"", ""Wanki Kim"", ""Daewon Ha"", ""Shimeng Yu"", ""Suman Datta"", ""Prof. Asif Khan""]",Title-level scope: Optimizing Memory Window for Ferroelectric Nand Applications: An Experimental Study on Dielectric Material Selection and Layer Positioning,"Theme, prerequisites, and difficulty are editorial classifications; material tags use explicit title terms only unless assessed in the source ledger.",No author release verified for this record; not evidence that none exists.,Not substantively assessed from metadata; use linked primary source.,Earliest verified/indexed date; partial dates retained at source precision. Conference event and posting dates may differ.,advanced,10.1109/ted.2024.3504475,2024-12-05,[],10.1109/ted.2024.3504475,2024-12-05,2025-01,"[""Georgia Institute of Technology""]","Quantitative claims, experimental controls, and reproducibility not assessed.",Not determined from metadata; inspect source,OpenAlex + Crossref publisher deposit,Published scholarly venue; individual review process not independently audited,"MOS electrostatics, polarization, trapping, arrays",2025-01,,{},[],False,https://doi.org/10.1109/ted.2024.3504475,Not individually verified unless noted in source ledger.,Ferroelectric storage and gate stacks,Optimizing Memory Window for Ferroelectric Nand Applications: An Experimental Study on Dielectric Material Selection and Layer Positioning,journal-article,IEEE Transactions on Electron Devices,[]
True,,metadata only,Georgia Tech affiliation in indexed authorship,"[""Sharadindu Gopal Kirtania"", ""Omkar Phadke"", ""Eknath Sarker"", ""Khandker Akif Aabrar"", ""Dyutimoy Chakraborty"", ""Faaiq Waqar"", ""Shin Jaewon"", ""T.H. Pantha"", ""Sourav Dutta"", ""Prof. Asif Khan"", ""Shimeng Yu"", ""Suman Datta""]",Title-level scope: Amorphous Indium Oxide Channel FeFETs with Write Voltage of 0.9V and Endurance >1012 for Refresh-Free 1T-1FeFET Embedded Memory,"Theme, prerequisites, and difficulty are editorial classifications; material tags use explicit title terms only unless assessed in the source ledger.",No author release verified for this record; not evidence that none exists.,Not substantively assessed from metadata; use linked primary source.,Earliest verified/indexed date; partial dates retained at source precision. Conference event and posting dates may differ.,advanced,10.1109/iedm50854.2024.10873370,2024-12-07,[],10.1109/iedm50854.2024.10873370,2024-12-07,2024-12-07,"[""Georgia Institute of Technology""]","Quantitative claims, experimental controls, and reproducibility not assessed.",Not determined from metadata; inspect source,OpenAlex + Crossref publisher deposit,Published scholarly venue; individual review process not independently audited,"defects, rates, measurement protocols",2024-12-07,,{},[],False,https://doi.org/10.1109/iedm50854.2024.10873370,Not individually verified unless noted in source ledger.,Reliability and measurement,Amorphous Indium Oxide Channel FeFETs with Write Voltage of 0.9V and Endurance >1012 for Refresh-Free 1T-1FeFET Embedded Memory,proceedings-article,2024 IEEE International Electron Devices Meeting (IEDM),[]
True,,metadata only,Georgia Tech affiliation in indexed authorship,"[""Junmo Lee"", ""Chengyang Zhang"", ""Minji Shon"", ""James Read"", ""Sunbin Deng"", ""Omkar Phadke"", ""Prasanna Venkatesan Ravindran"", ""Mengkun Tian"", ""Yuan-Chun Luo"", ""Tae-Hyeon Kim"", ""Prof. Asif Khan"", ""Suman Datta"", ""Shimeng Yu""]",Title-level scope: BEOL-Compatible Non-Volatile Capacitive Synapse with ALD W-Doped In2O3 Semiconductor Layer,"Theme, prerequisites, and difficulty are editorial classifications; material tags use explicit title terms only unless assessed in the source ledger.",No author release verified for this record; not evidence that none exists.,Not substantively assessed from metadata; use linked primary source.,Earliest verified/indexed date; partial dates retained at source precision. Conference event and posting dates may differ.,advanced,10.1109/iedm50854.2024.10873481,2024-12-07,[],10.1109/iedm50854.2024.10873481,2024-12-07,2024-12-07,"[""Georgia Institute of Technology""]","Quantitative claims, experimental controls, and reproducibility not assessed.",In2O3 / doped oxide channel,OpenAlex + Crossref publisher deposit,Published scholarly venue; individual review process not independently audited,"circuits, sensing, precision, architecture",2024-12-07,,{},[],False,https://doi.org/10.1109/iedm50854.2024.10873481,Not individually verified unless noted in source ledger.,"Circuits, memory architectures, and computing",BEOL-Compatible Non-Volatile Capacitive Synapse with ALD W-Doped In2O3 Semiconductor Layer,proceedings-article,2024 IEEE International Electron Devices Meeting (IEDM),[]
True,,metadata only,Georgia Tech affiliation in indexed authorship,"[""Yixin Qin"", ""Saikat Chakraborty"", ""Zijian Zhao"", ""Kijoon Kim"", ""Suhwan Lim"", ""Jongho Woo"", ""Kwangsoo Kim"", ""Wanki Kim"", ""Daewon Ha"", ""Xiao Gong"", ""Prof. Asif Khan"", ""Vijaykrishnan Narayanan"", ""Jaydeep P. Kulkarni"", ""Kai Ni""]",Title-level scope: Clarifying the Role of Ferroelectric in Expanding the Memory Window of Ferroelectric FETs with Gate-Side Injection: Isolating Contributions from Polarization and Charge Trapping,"Theme, prerequisites, and difficulty are editorial classifications; material tags use explicit title terms only unless assessed in the source ledger.",No author release verified for this record; not evidence that none exists.,Not substantively assessed from metadata; use linked primary source.,Earliest verified/indexed date; partial dates retained at source precision. Conference event and posting dates may differ.,advanced,10.1109/iedm50854.2024.10873569,2024-12-07,[],10.1109/iedm50854.2024.10873569,2024-12-07,2024-12-07,"[""Georgia Institute of Technology""]","Quantitative claims, experimental controls, and reproducibility not assessed.",Not determined from metadata; inspect source,OpenAlex + Crossref publisher deposit,Published scholarly venue; individual review process not independently audited,"crystal symmetry, thermodynamics, microscopy",2024-12-07,,{},[],False,https://doi.org/10.1109/iedm50854.2024.10873569,Not individually verified unless noted in source ledger.,"Materials, domains, and characterization",Clarifying the Role of Ferroelectric in Expanding the Memory Window of Ferroelectric FETs with Gate-Side Injection: Isolating Contributions from Polarization and Charge Trapping,proceedings-article,2024 IEEE International Electron Devices Meeting (IEDM),[]
True,,metadata only,Georgia Tech affiliation in indexed authorship,"[""Eknath Sarkar"", ""Chengyang Zhang"", ""Dyutimoy Chakraborty"", ""Faaiq G Waqar"", ""Sharadindugopal Kirtania"", ""Khandker Akif Aabrar"", ""Hyeonwoo Park"", ""Jaewon Shin"", ""Mengkun Tian"", ""Prof. Asif Khan"", ""Shimeng Yu"", ""Suman Datta""]",Title-level scope: First Demonstration of W-Doped In2O3 Gate-All-Around (GAA) Nanosheet FET with Improved Performance and Record Threshold Voltage Stability,"Theme, prerequisites, and difficulty are editorial classifications; material tags use explicit title terms only unless assessed in the source ledger.",No author release verified for this record; not evidence that none exists.,Not substantively assessed from metadata; use linked primary source.,Earliest verified/indexed date; partial dates retained at source precision. Conference event and posting dates may differ.,intermediate,10.1109/iedm50854.2024.10873456,2024-12-07,[],10.1109/iedm50854.2024.10873456,2024-12-07,2024-12-07,"[""Georgia Institute of Technology""]","Quantitative claims, experimental controls, and reproducibility not assessed.",In2O3 / doped oxide channel,OpenAlex + Crossref publisher deposit,Published scholarly venue; individual review process not independently audited,"transport, interfaces, threshold extraction",2024-12-07,,{},[],False,https://doi.org/10.1109/iedm50854.2024.10873456,Not individually verified unless noted in source ledger.,Oxide-channel and transistor engineering,First Demonstration of W-Doped In2O3 Gate-All-Around (GAA) Nanosheet FET with Improved Performance and Record Threshold Voltage Stability,proceedings-article,2024 IEEE International Electron Devices Meeting (IEDM),[]
True,,metadata only,Georgia Tech affiliation in indexed authorship,"[""Nashrah Afroze"", ""Andrea Padovani"", ""Jihoon Choi"", ""Priyankka Gundlapudi Ravikumar"", ""Yu-Hsin Kuo"", ""Chengyang Zhang"", ""Taeyoung Song"", ""Mengkun Tian"", ""Eknath Sarkar"", ""Manifa Noor"", ""Prasanna Venkatesan Ravindran"", ""Khandker Akif Aabrar"", ""Bilge Yildiz"", ""Souvik Mahapatra"", ""Andrew Kummel"", ""Kyeongjae Cho"", ""Shimeng Yu"", ""Suman Datta"", ""Jun Hee Lee"", ""Luca Larcher"", ""Gaurav Thareja"", ""Prof. Asif Khan""]",Title-level scope: Self-Healing Ferroelectric Capacitors with ∼ 1000x Endurance Improvement at High Temperatures (85–125°C),"Theme, prerequisites, and difficulty are editorial classifications; material tags use explicit title terms only unless assessed in the source ledger.",No author release verified for this record; not evidence that none exists.,Not substantively assessed from metadata; use linked primary source.,Earliest verified/indexed date; partial dates retained at source precision. Conference event and posting dates may differ.,advanced,10.1109/iedm50854.2024.10873595,2024-12-07,[],10.1109/iedm50854.2024.10873595,2024-12-07,2024-12-07,"[""Georgia Institute of Technology""]","Quantitative claims, experimental controls, and reproducibility not assessed.",In2O3 / doped oxide channel,OpenAlex + Crossref publisher deposit,Published scholarly venue; individual review process not independently audited,"defects, rates, measurement protocols",2024-12-07,,{},[],False,https://doi.org/10.1109/iedm50854.2024.10873595,Not individually verified unless noted in source ledger.,Reliability and measurement,Self-Healing Ferroelectric Capacitors with ∼ 1000x Endurance Improvement at High Temperatures (85–125°C),proceedings-article,2024 IEEE International Electron Devices Meeting (IEDM),[]
True,,metadata only,Georgia Tech affiliation in indexed authorship,"[""Prasanna Venkatesan"", ""Lance Fernandes"", ""Priyankka Ravikumar"", ""Chinsung Park"", ""Huy Tran"", ""Zekai Wang"", ""Hari Jayasankar"", ""Amrit Garlapati"", ""Taeyoung Song"", ""Mengkun Tian"", ""Hang Chen"", ""Winston Chern"", ""Kijoon Kim"", ""Jongho Woo"", ""Suhwan Lim"", ""Kwangsoo Kim"", ""Shimeng Yu"", ""Suman Datta"", ""Wanki Kim"", ""Daewon Ha"", ""Prof. Asif Khan""]",Title-level scope: Demonstration of Robust Retention in Band Engineered FEFETs for NAND Storage Applications Using Tunnel Dielectric Layer,"Theme, prerequisites, and difficulty are editorial classifications; material tags use explicit title terms only unless assessed in the source ledger.",No author release verified for this record; not evidence that none exists.,Not substantively assessed from metadata; use linked primary source.,Earliest verified/indexed date; partial dates retained at source precision. Conference event and posting dates may differ.,advanced,10.1109/led.2024.3523235,2024-12-25,[],10.1109/led.2024.3523235,2024-12-25,2025-03,"[""Georgia Institute of Technology""]","Quantitative claims, experimental controls, and reproducibility not assessed.",Not determined from metadata; inspect source,OpenAlex + Crossref publisher deposit,Published scholarly venue; individual review process not independently audited,"MOS electrostatics, polarization, trapping, arrays",2025-03,,{},[],False,https://doi.org/10.1109/led.2024.3523235,Not individually verified unless noted in source ledger.,Ferroelectric storage and gate stacks,Demonstration of Robust Retention in Band Engineered FEFETs for NAND Storage Applications Using Tunnel Dielectric Layer,journal-article,IEEE Electron Device Letters,[]
True,,metadata only,Georgia Tech affiliation in indexed authorship,"[""Harshil Kashyap"", ""Ping-Che Lee"", ""Kisung Chae"", ""Matthias Passlack"", ""Ajay K. Yadav"", ""Keith Wong"", ""Srini Nemani"", ""Ellie Yieh"", ""Jeffrey Spiegelman"", ""Kyeongjae Cho"", ""Prof. Asif Khan"", ""Andrew C. Kummel""]",Title-level scope: Si-doped HZO and ZrO2 for hysteresis free high-k dielectric,"Theme, prerequisites, and difficulty are editorial classifications; material tags use explicit title terms only unless assessed in the source ledger.",No author release verified for this record; not evidence that none exists.,Not substantively assessed from metadata; use linked primary source.,Earliest verified/indexed date; partial dates retained at source precision. Conference event and posting dates may differ.,advanced,10.1116/6.0003895,2025-01-08,[],10.1116/6.0003895,2025-01-08,2025-03-01,"[""Georgia Institute of Technology""]","Quantitative claims, experimental controls, and reproducibility not assessed.",ZrO2; HZO / hafnia,OpenAlex + Crossref publisher deposit,Published scholarly venue; individual review process not independently audited,"crystal symmetry, thermodynamics, microscopy",2025-01-08,2025-01-08,{},[],False,https://doi.org/10.1116/6.0003895,Not individually verified unless noted in source ledger.,"Materials, domains, and characterization",Si-doped HZO and ZrO2 for hysteresis free high-k dielectric,journal-article,Journal of Vacuum Science &amp; Technology A,[]
True,,metadata only,Georgia Tech affiliation in indexed authorship,"[""Omkar Phadke"", ""Khandker Akif Aabrar"", ""Gihun Choe"", ""Yuan-Chun Luo"", ""Sharadindu Gopal Kirtania"", ""Prof. Asif Khan"", ""Suman Datta"", ""Shimeng Yu""]",Title-level scope: Effect of DC Stress on Low-Frequency Noise Characteristics of W-Doped In2O3 BEOL Transistors,"Theme, prerequisites, and difficulty are editorial classifications; material tags use explicit title terms only unless assessed in the source ledger.",No author release verified for this record; not evidence that none exists.,Not substantively assessed from metadata; use linked primary source.,Earliest verified/indexed date; partial dates retained at source precision. Conference event and posting dates may differ.,advanced,10.1109/ted.2025.3532234,2025-01-28,[],10.1109/ted.2025.3532234,2025-01-28,2025-03,"[""Georgia Institute of Technology""]","Quantitative claims, experimental controls, and reproducibility not assessed.",In2O3 / doped oxide channel,OpenAlex + Crossref publisher deposit,Published scholarly venue; individual review process not independently audited,"defects, rates, measurement protocols",2025-03,,{},[],False,https://doi.org/10.1109/ted.2025.3532234,Not individually verified unless noted in source ledger.,Reliability and measurement,Effect of DC Stress on Low-Frequency Noise Characteristics of W-Doped In2O3 BEOL Transistors,journal-article,IEEE Transactions on Electron Devices,[]
True,,metadata only,Georgia Tech affiliation in indexed authorship,"[""Eknath Sarkar"", ""Chengyang Zhang"", ""Dyutimoy Chakraborty"", ""Sharadindu Gopal Kirtania"", ""Khandker Akif Aabrar"", ""Hyeonwoo Park"", ""Jaewon Shin"", ""Hyun Jae Lee"", ""Mengkun Tian"", ""Prof. Asif Khan"", ""Shimeng Yu"", ""Suman Datta""]",Title-level scope: First Demonstration of High-Performance and Extremely Stable W-Doped In₂O₃ Gate-All-Around (GAA) Nanosheet FET,"Theme, prerequisites, and difficulty are editorial classifications; material tags use explicit title terms only unless assessed in the source ledger.",No author release verified for this record; not evidence that none exists.,Not substantively assessed from metadata; use linked primary source.,Earliest verified/indexed date; partial dates retained at source precision. Conference event and posting dates may differ.,intermediate,10.1109/ted.2025.3535463,2025-02-10,[],10.1109/ted.2025.3535463,2025-02-10,2025-05,"[""Georgia Institute of Technology""]","Quantitative claims, experimental controls, and reproducibility not assessed.",In2O3 / doped oxide channel,OpenAlex + Crossref publisher deposit,Published scholarly venue; individual review process not independently audited,"transport, interfaces, threshold extraction",2025-05,,{},[],False,https://doi.org/10.1109/ted.2025.3535463,Not individually verified unless noted in source ledger.,Oxide-channel and transistor engineering,First Demonstration of High-Performance and Extremely Stable W-Doped In₂O₃ Gate-All-Around (GAA) Nanosheet FET,journal-article,IEEE Transactions on Electron Devices,[]
True,,metadata only,Georgia Tech affiliation in indexed authorship,"[""Prasanna Venkatesan"", ""Prof. Asif Khan""]",Title-level scope: Ferroelectric 3D NAND Storage (Invited),"Theme, prerequisites, and difficulty are editorial classifications; material tags use explicit title terms only unless assessed in the source ledger.",No author release verified for this record; not evidence that none exists.,Not substantively assessed from metadata; use linked primary source.,Earliest verified/indexed date; partial dates retained at source precision. Conference event and posting dates may differ.,advanced,10.1109/edtm61175.2025.11041675,2025-03-09,[],10.1109/edtm61175.2025.11041675,2025-03-09,2025-03-09,"[""Georgia Institute of Technology""]","Quantitative claims, experimental controls, and reproducibility not assessed.",Not determined from metadata; inspect source,OpenAlex + Crossref publisher deposit,Published scholarly venue; individual review process not independently audited,"MOS electrostatics, polarization, trapping, arrays",2025-03-09,,{},[],False,https://doi.org/10.1109/edtm61175.2025.11041675,Not individually verified unless noted in source ledger.,Ferroelectric storage and gate stacks,Ferroelectric 3D NAND Storage (Invited),proceedings-article,2025 9th IEEE Electron Devices Technology &amp;amp; Manufacturing Conference (EDTM),[]
True,,metadata only,Georgia Tech affiliation in indexed authorship,"[""Md Sazzadur Rahman"", ""Arijit Sarkar"", ""Dinuk R. De Silva"", ""Austin T. Harrison"", ""Yu-Hsin Kuo"", ""Jiazheng Chen"", ""Prof. Asif Khan"", ""Tania Roy""]",Title-level scope: Accurate Bias Stress Instability Measurements in High-Performance ITO FETs Using Modified On-the-Fly Technique,"Theme, prerequisites, and difficulty are editorial classifications; material tags use explicit title terms only unless assessed in the source ledger.",No author release verified for this record; not evidence that none exists.,Not substantively assessed from metadata; use linked primary source.,Earliest verified/indexed date; partial dates retained at source precision. Conference event and posting dates may differ.,advanced,10.1109/led.2025.3554214,2025-03-27,[],10.1109/led.2025.3554214,2025-03-27,2025-05,"[""Georgia Institute of Technology""]","Quantitative claims, experimental controls, and reproducibility not assessed.",In2O3 / doped oxide channel,OpenAlex + Crossref publisher deposit,Published scholarly venue; individual review process not independently audited,"defects, rates, measurement protocols",2025-05,,{},[],False,https://doi.org/10.1109/led.2025.3554214,Not individually verified unless noted in source ledger.,Reliability and measurement,Accurate Bias Stress Instability Measurements in High-Performance ITO FETs Using Modified On-the-Fly Technique,journal-article,IEEE Electron Device Letters,[]
True,,metadata only,Georgia Tech affiliation in indexed authorship,"[""Omkar Phadke"", ""Prasanna Venkatesan Ravindran"", ""Halid Mulaosmanovic"", ""Stefan Dünkel"", ""Sven Beyer"", ""Prof. Asif Khan"", ""Suman Datta"", ""Shimeng Yu""]",Title-level scope: Impact of the Endurance Measurement Methodology on Ferroelectric Field Effect Transistor Under the Capacitive Nondestructive Read,"Theme, prerequisites, and difficulty are editorial classifications; material tags use explicit title terms only unless assessed in the source ledger.",No author release verified for this record; not evidence that none exists.,Not substantively assessed from metadata; use linked primary source.,Earliest verified/indexed date; partial dates retained at source precision. Conference event and posting dates may differ.,advanced,10.1109/ted.2025.3552545,2025-03-27,[],10.1109/ted.2025.3552545,2025-03-27,2025-05,"[""Georgia Institute of Technology""]","Quantitative claims, experimental controls, and reproducibility not assessed.",Not determined from metadata; inspect source,OpenAlex + Crossref publisher deposit,Published scholarly venue; individual review process not independently audited,"defects, rates, measurement protocols",2025-05,,{},[],False,https://doi.org/10.1109/ted.2025.3552545,Not individually verified unless noted in source ledger.,Reliability and measurement,Impact of the Endurance Measurement Methodology on Ferroelectric Field Effect Transistor Under the Capacitive Nondestructive Read,journal-article,IEEE Transactions on Electron Devices,[]
True,,metadata only,Georgia Tech affiliation in indexed authorship,"[""Minji Shon"", ""Chinsung Park"", ""Prasanna Venkatesan Ravindran"", ""Lance Fernandes"", ""Kijoon Kim"", ""Jongho Woo"", ""Suhwan Lim"", ""Kwangsoo Kim"", ""Wanki Kim"", ""Daewon Ha"", ""Suman Datta"", ""Prof. Asif Khan"", ""Shimeng Yu""]",Title-level scope: Modeling Dynamic Interplay Between Charge Traps and Polarization for Memory Window Enhancement in Gate Injection Layers,"Theme, prerequisites, and difficulty are editorial classifications; material tags use explicit title terms only unless assessed in the source ledger.",No author release verified for this record; not evidence that none exists.,Not substantively assessed from metadata; use linked primary source.,Earliest verified/indexed date; partial dates retained at source precision. Conference event and posting dates may differ.,advanced,10.1109/irps48204.2025.10983663,2025-03-30,[],10.1109/irps48204.2025.10983663,2025-03-30,2025-03-30,"[""Georgia Institute of Technology""]","Quantitative claims, experimental controls, and reproducibility not assessed.",Not determined from metadata; inspect source,OpenAlex + Crossref publisher deposit,Published scholarly venue; individual review process not independently audited,"crystal symmetry, thermodynamics, microscopy",2025-03-30,,{},[],False,https://doi.org/10.1109/irps48204.2025.10983663,Not individually verified unless noted in source ledger.,"Materials, domains, and characterization",Modeling Dynamic Interplay Between Charge Traps and Polarization for Memory Window Enhancement in Gate Injection Layers,proceedings-article,2025 IEEE International Reliability Physics Symposium (IRPS),[]
True,,metadata only,Georgia Tech affiliation in indexed authorship,"[""Andrea Padovani"", ""Nashrah Afroze"", ""Yu-Hsin Kuo"", ""Priyankka Gundlapudi Ravikumar"", ""Prasanna Venkatesan Ravindran"", ""Mengkun Tian"", ""Prof. Asif Khan"", ""Jihoon Choi"", ""Jun Hee Lee"", ""Luca Larcher"", ""Gaurav Thareja""]",Title-level scope: Multi-Scale Modeling-Driven Material to Device Co-Optimization of Ferroelectric Capacitors with Oxygen Reservoir Layer (ORL) for Improved Endurance,"Theme, prerequisites, and difficulty are editorial classifications; material tags use explicit title terms only unless assessed in the source ledger.",No author release verified for this record; not evidence that none exists.,Not substantively assessed from metadata; use linked primary source.,Earliest verified/indexed date; partial dates retained at source precision. Conference event and posting dates may differ.,advanced,10.1109/irps48204.2025.10983715,2025-03-30,[],10.1109/irps48204.2025.10983715,2025-03-30,2025-03-30,"[""Georgia Institute of Technology""]","Quantitative claims, experimental controls, and reproducibility not assessed.",In2O3 / doped oxide channel,OpenAlex + Crossref publisher deposit,Published scholarly venue; individual review process not independently audited,"defects, rates, measurement protocols",2025-03-30,,{},[],False,https://doi.org/10.1109/irps48204.2025.10983715,Not individually verified unless noted in source ledger.,Reliability and measurement,Multi-Scale Modeling-Driven Material to Device Co-Optimization of Ferroelectric Capacitors with Oxygen Reservoir Layer (ORL) for Improved Endurance,proceedings-article,2025 IEEE International Reliability Physics Symposium (IRPS),[]
True,,metadata only,Georgia Tech affiliation in indexed authorship,"[""Priyankka Ravikumar"", ""Andrea Padovani"", ""Prasanna Venkatesan"", ""Chinsung Park"", ""Nashrah Afroze"", ""Mengkun Tian"", ""Suman Datta"", ""Shimeng Yu"", ""Luca Larcher"", ""Gaurav Thareja"", ""Prof. Asif Khan""]","Title-level scope: Understanding Correlation Between Memory Window Closure, Leakage and Read Delay Effects for FEFET Reliability Improvement: Role of IL and FE Traps","Theme, prerequisites, and difficulty are editorial classifications; material tags use explicit title terms only unless assessed in the source ledger.",No author release verified for this record; not evidence that none exists.,Not substantively assessed from metadata; use linked primary source.,Earliest verified/indexed date; partial dates retained at source precision. Conference event and posting dates may differ.,advanced,10.1109/irps48204.2025.10983054,2025-03-30,[],10.1109/irps48204.2025.10983054,2025-03-30,2025-03-30,"[""Georgia Institute of Technology""]","Quantitative claims, experimental controls, and reproducibility not assessed.",Not determined from metadata; inspect source,OpenAlex + Crossref publisher deposit,Published scholarly venue; individual review process not independently audited,"defects, rates, measurement protocols",2025-03-30,,{},[],False,https://doi.org/10.1109/irps48204.2025.10983054,Not individually verified unless noted in source ledger.,Reliability and measurement,"Understanding Correlation Between Memory Window Closure, Leakage and Read Delay Effects for FEFET Reliability Improvement: Role of IL and FE Traps",proceedings-article,2025 IEEE International Reliability Physics Symposium (IRPS),[]
True,,metadata only,Georgia Tech affiliation in indexed authorship,"[""Sharadindu Gopal Kirtania"", ""Hyeonwoo Park"", ""Omkar Phadke"", ""Eknath Sarkar"", ""Dyutimoy Chakraborty"", ""Faaiq G. Waqar"", ""Jaewon Shin"", ""Prof. Asif Khan"", ""Shimeng Yu"", ""Suman Datta""]",Title-level scope: Amorphous Indium Oxide Channel FEFETs With Write Voltage of 0.9 V and Endurance >10 12 for Refresh-Free Embedded Memory,"Theme, prerequisites, and difficulty are editorial classifications; material tags use explicit title terms only unless assessed in the source ledger.",No author release verified for this record; not evidence that none exists.,Not substantively assessed from metadata; use linked primary source.,Earliest verified/indexed date; partial dates retained at source precision. Conference event and posting dates may differ.,advanced,10.1109/ted.2025.3554471,2025-04-08,[],10.1109/ted.2025.3554471,2025-04-08,2025-05,"[""Georgia Institute of Technology""]","Quantitative claims, experimental controls, and reproducibility not assessed.",Not determined from metadata; inspect source,OpenAlex + Crossref publisher deposit,Published scholarly venue; individual review process not independently audited,"defects, rates, measurement protocols",2025-05,,{},[],False,https://doi.org/10.1109/ted.2025.3554471,Not individually verified unless noted in source ledger.,Reliability and measurement,Amorphous Indium Oxide Channel FEFETs With Write Voltage of 0.9 V and Endurance >10 12 for Refresh-Free Embedded Memory,journal-article,IEEE Transactions on Electron Devices,[]
True,https://arxiv.org/pdf/2504.09713,full text: selected relevant sections; not every reference or supplement audited,Research topic/coauthors and disambiguated ID; indexed affiliation missing,"[""Jiahui Duan"", ""Prof. Asif Khan"", ""Xiao Gong"", ""Vijaykrishnan Narayanan"", ""Kai Ni""]",How does polarization sensing shape three-dimensional memory architectures?,"Theme, prerequisites, and difficulty are editorial classifications; material tags use explicit title terms only unless assessed in the source ledger.",No author release verified for this record; not evidence that none exists.,Organizes device-to-array architecture choices around polarization sensing.,Earliest verified/indexed date; partial dates retained at source precision. Conference event and posting dates may differ.,advanced,10.48550/arxiv.2504.09713,2025-04-13,"[""https://arxiv.org/pdf/2504.09713"", ""https://arxiv.org/pdf/2504.09713v1""]",10.48550/arxiv.2504.09713,2025-04-13,,[],Review/preprint synthesis; proposals and extrapolations are not all fabricated demonstrations.,Not determined from metadata; inspect source,OpenAlex only; publisher cross-check unavailable,Not established / preprint,"crystal symmetry, thermodynamics, microscopy",,,{},[],False,https://doi.org/10.48550/arxiv.2504.09713,Not individually verified unless noted in source ledger.,"Materials, domains, and characterization",A Full Spectrum of 3D Ferroelectric Memory Architectures Shaped by Polarization Sensing,review preprint,arXiv (Cornell University),"[{""arxiv_id"": ""2504.09713"", ""version"": ""2504.09713v1"", ""first_posted"": ""2025-04-13"", ""updated"": ""2025-04-13T20:22:20Z"", ""journal_reference"": null, ""comment"": ""65 pages, 5 figures""}]"
True,,metadata only,Georgia Tech affiliation in indexed authorship,"[""Eknath Sarkar"", ""Dyutimoy Chakraborty"", ""Wei-Chun Wang"", ""Khandker Akif Aabrar"", ""Sharadindu G. Kirtania"", ""Omkar Phadke"", ""Chengyang Zhang"", ""Emmanuel Quezada"", ""Jaewon Shin"", ""Shida Zhang"", ""Prof. Asif Khan"", ""Shimeng Yu"", ""Saibal Mukhopadhyay"", ""Suman Datta""]",Title-level scope: Analog In-Memory-Compute with Multi-bit Silicon Ferro FinFET Array for Improved Energy and Area Efficiency,"Theme, prerequisites, and difficulty are editorial classifications; material tags use explicit title terms only unless assessed in the source ledger.",No author release verified for this record; not evidence that none exists.,Not substantively assessed from metadata; use linked primary source.,Earliest verified/indexed date; partial dates retained at source precision. Conference event and posting dates may differ.,advanced,10.1109/imw61990.2025.11026976,2025-05-18,[],10.1109/imw61990.2025.11026976,2025-05-18,2025-05-18,"[""Georgia Institute of Technology""]","Quantitative claims, experimental controls, and reproducibility not assessed.",Not determined from metadata; inspect source,OpenAlex + Crossref publisher deposit,Published scholarly venue; individual review process not independently audited,"circuits, sensing, precision, architecture",2025-05-18,,{},[],False,https://doi.org/10.1109/imw61990.2025.11026976,Not individually verified unless noted in source ledger.,"Circuits, memory architectures, and computing",Analog In-Memory-Compute with Multi-bit Silicon Ferro FinFET Array for Improved Energy and Area Efficiency,proceedings-article,2025 IEEE International Memory Workshop (IMW),[]
True,,metadata only,Georgia Tech affiliation in indexed authorship,"[""Lance Fernandes"", ""Prasanna Venkatesan"", ""Mengkun Tian"", ""Yu-Hsin Kuo"", ""Nashrah Afroze"", ""Salma Soliman"", ""Sanghyun Kang"", ""Dyutimoy Chakraborty"", ""TaeYoung Song"", ""Chengyang Zhang"", ""Kijoon Kim"", ""Kwangyou Seo"", ""Kwangsoo Kim"", ""Wanki Kim"", ""Daewon Ha"", ""Shimeng Yu"", ""Suman Datta"", ""Prof. Asif Khan""]",Title-level scope: Comparative Study of Channel Materials for Ferroelectric NAND Applications,"Theme, prerequisites, and difficulty are editorial classifications; material tags use explicit title terms only unless assessed in the source ledger.",No author release verified for this record; not evidence that none exists.,Not substantively assessed from metadata; use linked primary source.,Earliest verified/indexed date; partial dates retained at source precision. Conference event and posting dates may differ.,advanced,10.1109/imw61990.2025.11026973,2025-05-18,[],10.1109/imw61990.2025.11026973,2025-05-18,2025-05-18,"[""Georgia Institute of Technology""]","Quantitative claims, experimental controls, and reproducibility not assessed.",Not determined from metadata; inspect source,OpenAlex + Crossref publisher deposit,Published scholarly venue; individual review process not independently audited,"MOS electrostatics, polarization, trapping, arrays",2025-05-18,,{},[],False,https://doi.org/10.1109/imw61990.2025.11026973,Not individually verified unless noted in source ledger.,Ferroelectric storage and gate stacks,Comparative Study of Channel Materials for Ferroelectric NAND Applications,proceedings-article,2025 IEEE International Memory Workshop (IMW),[]
True,,metadata only,Georgia Tech affiliation in indexed authorship,"[""Prasanna Venkatesan"", ""Prof. Asif Khan""]",Title-level scope: Ferroelectrics for Vertical NAND Flash Applications,"Theme, prerequisites, and difficulty are editorial classifications; material tags use explicit title terms only unless assessed in the source ledger.",No author release verified for this record; not evidence that none exists.,Not substantively assessed from metadata; use linked primary source.,Earliest verified/indexed date; partial dates retained at source precision. Conference event and posting dates may differ.,advanced,10.1109/imw61990.2025.11026978,2025-05-18,[],10.1109/imw61990.2025.11026978,2025-05-18,2025-05-18,"[""Georgia Institute of Technology""]","Quantitative claims, experimental controls, and reproducibility not assessed.",Not determined from metadata; inspect source,OpenAlex + Crossref publisher deposit,Published scholarly venue; individual review process not independently audited,"MOS electrostatics, polarization, trapping, arrays",2025-05-18,,{},[],False,https://doi.org/10.1109/imw61990.2025.11026978,Not individually verified unless noted in source ledger.,Ferroelectric storage and gate stacks,Ferroelectrics for Vertical NAND Flash Applications,proceedings-article,2025 IEEE International Memory Workshop (IMW),[]
True,https://arxiv.org/pdf/2601.21107,full text: selected relevant sections; not every reference or supplement audited,Georgia Tech affiliation in indexed authorship,"[""Priyankka Ravikumar"", ""Prasanna Venkatesan"", ""Chinsung Park"", ""Nashrah Afroze"", ""Mengkun Tian"", ""Winston Chern"", ""Suman Datta"", ""Shimeng Yu"", ""Souvik Mahapatra"", ""Prof. Asif Khan""]",When does switching first damage the interface?,"Theme, prerequisites, and difficulty are editorial classifications; material tags use explicit title terms only unless assessed in the source ledger.",No author release verified for this record; not evidence that none exists.,Paired electrical and charge-pumping measurements separate first-switch damage from later cycling damage.,Earliest verified/indexed date; partial dates retained at source precision. Conference event and posting dates may differ.,advanced,10.1109/tdmr.2025.3576042,2025-06-02,"[""https://arxiv.org/pdf/2601.21107v1""]",10.1109/tdmr.2025.3576042,2025-06-02,2025-09,"[""Georgia Institute of Technology""]","Reported trap fractions depend on device, extraction method, and cycling protocol; not a universal material constant.",Not determined from metadata; inspect source,OpenAlex + Crossref publisher deposit,Published scholarly venue; individual review process not independently audited,"defects, rates, measurement protocols",2025-09,,{},[],False,https://doi.org/10.1109/tdmr.2025.3576042,Not individually verified unless noted in source ledger.,Reliability and measurement,The First Switch Effect in Ferroelectric Field-Effect Transistors,journal-article,IEEE Transactions on Device and Materials Reliability,"[{""arxiv_id"": ""2601.21107"", ""version"": ""2601.21107v1"", ""first_posted"": ""2026-01-28"", ""updated"": ""2026-01-28T22:56:49Z"", ""journal_reference"": null, ""comment"": ""This manuscript was published in TDMR in 2025""}]"
True,,metadata only,Georgia Tech affiliation in indexed authorship,"[""Jiayi Chen"", ""Zekai Wang"", ""Typher Yom"", ""Chengyang Zhang"", ""Mark D. Losego"", ""Prof. Asif Khan""]","Title-level scope: Chemical reactions and crystallization behavior in thermal ALD of BaTiO3 thin films from bis-(1,2,4 triisopropylcyclopentadienyl)-barium and titanium isopropoxide precursors","Theme, prerequisites, and difficulty are editorial classifications; material tags use explicit title terms only unless assessed in the source ledger.",No author release verified for this record; not evidence that none exists.,Not substantively assessed from metadata; use linked primary source.,Earliest verified/indexed date; partial dates retained at source precision. Conference event and posting dates may differ.,advanced,10.1116/6.0004385,2025-06-04,[],10.1116/6.0004385,2025-06-04,2025-07-01,"[""Georgia Institute of Technology""]","Quantitative claims, experimental controls, and reproducibility not assessed.",BaTiO3,OpenAlex + Crossref publisher deposit,Published scholarly venue; individual review process not independently audited,"crystal symmetry, thermodynamics, microscopy",2025-06-04,2025-06-04,{},[],False,https://doi.org/10.1116/6.0004385,Not individually verified unless noted in source ledger.,"Materials, domains, and characterization","Chemical reactions and crystallization behavior in thermal ALD of BaTiO3 thin films from bis-(1,2,4 triisopropylcyclopentadienyl)-barium and titanium isopropoxide precursors",journal-article,Journal of Vacuum Science &amp; Technology A,[]
True,,metadata only,Georgia Tech affiliation in indexed authorship,"[""Hyeonwoo Park"", ""Sharadindu G. Kirtania"", ""E. Sarkar"", ""D. Chakraborty"", ""C. Zhang"", ""H-J Lee"", ""J. Shin"", ""Shimeng Yu"", ""Prof. Asif Khan"", ""H. Kim"", ""C. Im"", ""M. J. Hong"", ""D. Ha"", ""Suman Datta""]","Title-level scope: Demonstration of Tungsten-doped Indium Oxide MOSFETs with 3 Angstrom EOT, Improved Stability and High on-Current","Theme, prerequisites, and difficulty are editorial classifications; material tags use explicit title terms only unless assessed in the source ledger.",No author release verified for this record; not evidence that none exists.,Not substantively assessed from metadata; use linked primary source.,Earliest verified/indexed date; partial dates retained at source precision. Conference event and posting dates may differ.,advanced,10.23919/vlsitechnologyandcir65189.2025.11075125,2025-06-08,[],10.23919/vlsitechnologyandcir65189.2025.11075125,2025-06-08,2025-06-08,"[""Georgia Institute of Technology""]","Quantitative claims, experimental controls, and reproducibility not assessed.",Not determined from metadata; inspect source,OpenAlex + Crossref publisher deposit,Published scholarly venue; individual review process not independently audited,"crystal symmetry, thermodynamics, microscopy",2025-06-08,,{},[],False,https://doi.org/10.23919/vlsitechnologyandcir65189.2025.11075125,Not individually verified unless noted in source ledger.,"Materials, domains, and characterization","Demonstration of Tungsten-doped Indium Oxide MOSFETs with 3 Angstrom EOT, Improved Stability and High on-Current",proceedings-article,2025 Symposium on VLSI Technology and Circuits (VLSI Technology and Circuits),[]
True,,metadata only,Georgia Tech affiliation in indexed authorship,"[""Minji Shon"", ""Chinsung Park"", ""Prasanna Venkatesan Ravindran"", ""Lance Fernandes"", ""Junmo Lee"", ""Kijoon Kim"", ""Woohyun Hwang"", ""Kwangyou Seo"", ""Kwangsoo Kim"", ""Wanki Kim"", ""Daewon Ha"", ""Suman Datta"", ""Prof. Asif Khan"", ""Shimeng Yu""]",Title-level scope: A Comprehensive Modeling of Gate Stack Interlayer Engineering for Ferroelectric Vertical NAND,"Theme, prerequisites, and difficulty are editorial classifications; material tags use explicit title terms only unless assessed in the source ledger.",No author release verified for this record; not evidence that none exists.,Not substantively assessed from metadata; use linked primary source.,Earliest verified/indexed date; partial dates retained at source precision. Conference event and posting dates may differ.,advanced,10.1109/drc66027.2025.11105759,2025-06-22,[],10.1109/drc66027.2025.11105759,2025-06-22,2025-06-22,"[""Georgia Institute of Technology""]","Quantitative claims, experimental controls, and reproducibility not assessed.",Not determined from metadata; inspect source,OpenAlex + Crossref publisher deposit,Published scholarly venue; individual review process not independently audited,"MOS electrostatics, polarization, trapping, arrays",2025-06-22,,{},[],False,https://doi.org/10.1109/drc66027.2025.11105759,Not individually verified unless noted in source ledger.,Ferroelectric storage and gate stacks,A Comprehensive Modeling of Gate Stack Interlayer Engineering for Ferroelectric Vertical NAND,proceedings-article,2025 Device Research Conference (DRC),[]
True,,metadata only,Georgia Tech affiliation in indexed authorship,"[""Emmanuel Quezada"", ""Eknath Sarkar"", ""Dyutimoy Chakraborty"", ""Hyeonwoo Park"", ""Chengyang Zhang"", ""Mengkun Tian"", ""Prof. Asif Khan"", ""Suman Datta""]",Title-level scope: Dipole Engineered Gate Stacks in AOS Channel FETs to Overcome the VT-ION Tradeoff,"Theme, prerequisites, and difficulty are editorial classifications; material tags use explicit title terms only unless assessed in the source ledger.",No author release verified for this record; not evidence that none exists.,Not substantively assessed from metadata; use linked primary source.,Earliest verified/indexed date; partial dates retained at source precision. Conference event and posting dates may differ.,intermediate,10.1109/drc66027.2025.11105736,2025-06-22,[],10.1109/drc66027.2025.11105736,2025-06-22,2025-06-22,"[""Georgia Institute of Technology""]","Quantitative claims, experimental controls, and reproducibility not assessed.",Not determined from metadata; inspect source,OpenAlex + Crossref publisher deposit,Published scholarly venue; individual review process not independently audited,"transport, interfaces, threshold extraction",2025-06-22,,{},[],False,https://doi.org/10.1109/drc66027.2025.11105736,Not individually verified unless noted in source ledger.,Oxide-channel and transistor engineering,Dipole Engineered Gate Stacks in AOS Channel FETs to Overcome the VT-ION Tradeoff,proceedings-article,2025 Device Research Conference (DRC),[]
True,,metadata only,Georgia Tech affiliation in indexed authorship,"[""Chinsung Park"", ""Priyankka Ravikumar"", ""Prasanna Venkatesan"", ""Lance Fernandes"", ""Salma Soliman"", ""Jiayi Chen"", ""Minji Shon"", ""Shimeng Yu"", ""Prof. Asif Khan""]",Title-level scope: Endurance Enhancement in Low Operating Voltage Scavenged SOI FEFETs,"Theme, prerequisites, and difficulty are editorial classifications; material tags use explicit title terms only unless assessed in the source ledger.",No author release verified for this record; not evidence that none exists.,Not substantively assessed from metadata; use linked primary source.,Earliest verified/indexed date; partial dates retained at source precision. Conference event and posting dates may differ.,advanced,10.1109/drc66027.2025.11105758,2025-06-22,[],10.1109/drc66027.2025.11105758,2025-06-22,2025-06-22,"[""Georgia Institute of Technology""]","Quantitative claims, experimental controls, and reproducibility not assessed.",Not determined from metadata; inspect source,OpenAlex + Crossref publisher deposit,Published scholarly venue; individual review process not independently audited,"defects, rates, measurement protocols",2025-06-22,,{},[],False,https://doi.org/10.1109/drc66027.2025.11105758,Not individually verified unless noted in source ledger.,Reliability and measurement,Endurance Enhancement in Low Operating Voltage Scavenged SOI FEFETs,proceedings-article,2025 Device Research Conference (DRC),[]
True,,metadata only,Georgia Tech affiliation in indexed authorship,"[""Dyutimoy Chakraborty"", ""Eknath Sarkar"", ""Hyeonwoo Park"", ""Hyun Jae Lee"", ""Emmanuel Quezada"", ""Chengyang Zhang"", ""Mengkun Tian"", ""Prof. Asif Khan"", ""Suman Datta""]",Title-level scope: Overcoming Mobility-Stability Trade-off by Gate Stack Engineering in BEOL Compatible Ga Doped In2O3 MOSFETs,"Theme, prerequisites, and difficulty are editorial classifications; material tags use explicit title terms only unless assessed in the source ledger.",No author release verified for this record; not evidence that none exists.,Not substantively assessed from metadata; use linked primary source.,Earliest verified/indexed date; partial dates retained at source precision. Conference event and posting dates may differ.,intermediate,10.1109/drc66027.2025.11105741,2025-06-22,[],10.1109/drc66027.2025.11105741,2025-06-22,2025-06-22,"[""Georgia Institute of Technology""]","Quantitative claims, experimental controls, and reproducibility not assessed.",In2O3 / doped oxide channel,OpenAlex + Crossref publisher deposit,Published scholarly venue; individual review process not independently audited,"transport, interfaces, threshold extraction",2025-06-22,,{},[],False,https://doi.org/10.1109/drc66027.2025.11105741,Not individually verified unless noted in source ledger.,Oxide-channel and transistor engineering,Overcoming Mobility-Stability Trade-off by Gate Stack Engineering in BEOL Compatible Ga Doped In2O3 MOSFETs,proceedings-article,2025 Device Research Conference (DRC),[]
False,,metadata only,Research topic/coauthors and disambiguated ID; indexed affiliation missing,"[""Abhronil Sengupta"", ""Prof. Asif Khan""]",Title-level scope: Editorial: Focus issue on quantum materials for neuromorphic computing,"Theme, prerequisites, and difficulty are editorial classifications; material tags use explicit title terms only unless assessed in the source ledger.",No author release verified for this record; not evidence that none exists.,Not substantively assessed from metadata; use linked primary source.,Earliest verified/indexed date; partial dates retained at source precision. Conference event and posting dates may differ.,advanced,10.1088/2634-4386/adead9,2025-07-09,[],10.1088/2634-4386/adead9,2025-07-09,2025-09-01,[],"Quantitative claims, experimental controls, and reproducibility not assessed.",In2O3 / doped oxide channel,OpenAlex + Crossref publisher deposit,Published scholarly venue; individual review process not independently audited,"circuits, sensing, precision, architecture",2025-07-09,2025-07-09,{},[],False,https://doi.org/10.1088/2634-4386/adead9,Not individually verified unless noted in source ledger.,"Circuits, memory architectures, and computing",Editorial: Focus issue on quantum materials for neuromorphic computing,journal-article,Neuromorphic Computing and Engineering,[]
True,,metadata only,Georgia Tech affiliation in indexed authorship,"[""Jay Sonawane"", ""Janak Sharda"", ""Chinsung Park"", ""Omkar Phadke"", ""Prof. Asif Khan"", ""Shimeng Yu""]",Title-level scope: Machine Learning Assisted Compact Modeling of Dynamic Switching and Transient Response in Ferroelectric Capacitor,"Theme, prerequisites, and difficulty are editorial classifications; material tags use explicit title terms only unless assessed in the source ledger.",No author release verified for this record; not evidence that none exists.,Not substantively assessed from metadata; use linked primary source.,Earliest verified/indexed date; partial dates retained at source precision. Conference event and posting dates may differ.,advanced,10.1109/nano63165.2025.11113805,2025-07-13,[],10.1109/nano63165.2025.11113805,2025-07-13,2025-07-13,"[""Georgia Institute of Technology""]","Quantitative claims, experimental controls, and reproducibility not assessed.",In2O3 / doped oxide channel,OpenAlex + Crossref publisher deposit,Published scholarly venue; individual review process not independently audited,"inverse problems, transport, statistics",2025-07-13,,{},[],False,https://doi.org/10.1109/nano63165.2025.11113805,Not individually verified unless noted in source ledger.,Modeling and AI-assisted inference,Machine Learning Assisted Compact Modeling of Dynamic Switching and Transient Response in Ferroelectric Capacitor,proceedings-article,2025 IEEE 25th International Conference on Nanotechnology (NANO),[]
True,https://arxiv.org/pdf/2507.18920v2,full text: selected relevant sections; not every reference or supplement audited,Research topic/coauthors and disambiguated ID; indexed affiliation missing,"[""Nashrah Afroze"", ""Hamoon Fahrvandi"", ""Guodong Ren"", ""Pawan Kumar"", ""Christopher T. Nelson"", ""Sarah F. Lombardo"", ""Mengkun Tian"", ""Ping‐Che Lee"", ""Jiayi Chen"", ""Manifa Noor"", ""Kisung Chae"", ""Sanghyun Kang"", ""Prasanna Venkat Ravindran"", ""Matthew Bergschneider"", ""Gwan Yeong Jung"", ""Pravan Omprakash"", ""Gardy Kevin Ligonde"", ""Nujhat Tasneem"", ""Dina H. Triyoso"", ""Steven P. Consiglio"", ""Kandabara Tapily"", ""Robert Dean Clark"", ""Gert J. Leusink"", ""Jayakanth Ravichandran"", ""Shimeng Yu"", ""Andrew R. Lupini"", ""Andrew C. Kummel"", ""Kyeongjae Cho"", ""Duk‐Hyun Choe"", ""Nazanin Bassiri‐Gharb"", ""Josh Kacher"", ""Rohan Mishra"", ""Jun Hee Lee"", ""Prof. Asif Khan""]",What stabilizes closely spaced charged domain walls in zirconia?,"Theme, prerequisites, and difficulty are editorial classifications; material tags use explicit title terms only unless assessed in the source ledger.",No author release verified for this record; not evidence that none exists.,Atomic imaging and calculations examine compensated head-to-head and tail-to-tail walls.,Earliest verified/indexed date; partial dates retained at source precision. Conference event and posting dates may differ.,advanced,10.48550/arxiv.2507.18920,2025-07-25,"[""https://arxiv.org/pdf/2507.18920"", ""https://arxiv.org/pdf/2507.18920v2""]",10.48550/arxiv.2507.18920,2025-07-25,,[],Nanodomain observation does not establish independently addressable memory bits.,ZrO2,OpenAlex only; publisher cross-check unavailable,Not established / preprint,"crystal symmetry, thermodynamics, microscopy",,,{},[],False,https://doi.org/10.48550/arxiv.2507.18920,Not individually verified unless noted in source ledger.,"Materials, domains, and characterization",Sub-nm2 ferroelectric domains via charged 180 degree walls in ZrO2,preprint,arXiv (Cornell University),"[{""arxiv_id"": ""2507.18920"", ""version"": ""2507.18920v2"", ""first_posted"": ""2025-07-25"", ""updated"": ""2026-02-05T05:37:13Z"", ""journal_reference"": null, ""comment"": ""4 main figures, 16 supplementary figures""}]"
True,,metadata only,Georgia Tech affiliation in indexed authorship,"[""Prasanna Venkatesan"", ""Lance Fernandes"", ""Sanghyun Kang"", ""Priyankka Ravikumar"", ""Taeyoung Song"", ""Chinsung Park"", ""Dipjyoti Das"", ""Kijoon H. P. Kim"", ""Kwangyou Seo"", ""Kwangsoo Kim"", ""Kai Ni"", ""Andrea Padovani"", ""Mahendra Pakala"", ""Luca Larcher"", ""Gaurav Thareja"", ""Wanki Kim"", ""Daewon Ha"", ""Prof. Asif Khan""]",Title-level scope: Pushing the limits of NAND technology scaling with ferroelectrics,"Theme, prerequisites, and difficulty are editorial classifications; material tags use explicit title terms only unless assessed in the source ledger.",No author release verified for this record; not evidence that none exists.,Not substantively assessed from metadata; use linked primary source.,Earliest verified/indexed date; partial dates retained at source precision. Conference event and posting dates may differ.,advanced,10.1557/s43577-025-00991-y,2025-09,[],10.1557/s43577-025-00991-y,2025-09-01,2025-09,"[""Georgia Institute of Technology""]","Quantitative claims, experimental controls, and reproducibility not assessed.",Not determined from metadata; inspect source,OpenAlex + Crossref publisher deposit,Published scholarly venue; individual review process not independently audited,"MOS electrostatics, polarization, trapping, arrays",2025-09,2025-10-06,{},[],False,https://doi.org/10.1557/s43577-025-00991-y,Not individually verified unless noted in source ledger.,Ferroelectric storage and gate stacks,Pushing the limits of NAND technology scaling with ferroelectrics,review,MRS Bulletin,[]
True,,metadata only,Georgia Tech affiliation in indexed authorship,"[""Hyeonwoo Park"", ""Sharadindu Gopal Kirtania"", ""Eknath Sarkar"", ""Dyutimoy Chakraborty"", ""Chengyang Zhang"", ""Hyun Jae Lee"", ""Jaewon Shin"", ""Shimeng Yu"", ""Prof. Asif Khan"", ""H. Kim"", ""C. Im"", ""M. J. Hong"", ""Daewon Ha"", ""Suman Datta""]",Title-level scope: Extreme EOT Scaling in Tungsten-Doped In 2 O 3 MOSFETs for Enhanced Stability and Drive Current,"Theme, prerequisites, and difficulty are editorial classifications; material tags use explicit title terms only unless assessed in the source ledger.",No author release verified for this record; not evidence that none exists.,Not substantively assessed from metadata; use linked primary source.,Earliest verified/indexed date; partial dates retained at source precision. Conference event and posting dates may differ.,advanced,10.1109/ted.2025.3612345,2025-09-23,[],10.1109/ted.2025.3612345,2025-09-23,2025-12,"[""Georgia Institute of Technology""]","Quantitative claims, experimental controls, and reproducibility not assessed.",Not determined from metadata; inspect source,OpenAlex + Crossref publisher deposit,Published scholarly venue; individual review process not independently audited,"crystal symmetry, thermodynamics, microscopy",2025-12,,{},[],False,https://doi.org/10.1109/ted.2025.3612345,Not individually verified unless noted in source ledger.,"Materials, domains, and characterization",Extreme EOT Scaling in Tungsten-Doped In 2 O 3 MOSFETs for Enhanced Stability and Drive Current,journal-article,IEEE Transactions on Electron Devices,[]
False,,metadata only,Georgia Tech affiliation in indexed authorship,"[""Mengkun Tian"", ""Jingli Cheng"", ""Nashrah Afroze"", ""Yichen Yang"", ""Prof. Asif Khan"", ""Josh Kacher""]",Title-level scope: Ultra-thin plan-view lamella made by focused ion beam,"Theme, prerequisites, and difficulty are editorial classifications; material tags use explicit title terms only unless assessed in the source ledger.",No author release verified for this record; not evidence that none exists.,Not substantively assessed from metadata; use linked primary source.,Earliest verified/indexed date; partial dates retained at source precision. Conference event and posting dates may differ.,advanced,10.1016/j.ultramic.2025.114250,2025-10-05,[],10.1016/j.ultramic.2025.114250,2025-10-05,2026-01,"[""Georgia Institute of Technology""]","Quantitative claims, experimental controls, and reproducibility not assessed.",Not determined from metadata; inspect source,OpenAlex + Crossref publisher deposit,Published scholarly venue; individual review process not independently audited,"crystal symmetry, thermodynamics, microscopy",2026-01,,{},[],False,https://doi.org/10.1016/j.ultramic.2025.114250,Not individually verified unless noted in source ledger.,"Materials, domains, and characterization",Ultra-thin plan-view lamella made by focused ion beam,journal-article,Ultramicroscopy,[]
True,,metadata only,Georgia Tech affiliation in indexed authorship,"[""Sumukh Pinge"", ""Ashkan Moradifirouzabadi"", ""Keming Fan"", ""Prasanna Venkatesan Ravindran"", ""Tanvir H. Pantha"", ""Po-Kai Hsu"", ""Zheyu Li"", ""Weihong Xu"", ""Zihan Xia"", ""Flavio Ponzina"", ""Winston Chern"", ""Taeyoung Song"", ""Priyankka Ravikumar"", ""Mengkun Tian"", ""Lance Fernandes"", ""Huy Tran"", ""Hari Jayasankar"", ""Hang Chen"", ""Chinsung Park"", ""Amrit Garlapati"", ""Kijoon Kim"", ""Jongho Woo"", ""Suhwan Lim"", ""Kwangsoo Kim"", ""Wanki Kim"", ""Daewon Ha"", ""Duygu Kuzum"", ""Shimeng Yu"", ""Sourav Dutta"", ""Prof. Asif Khan"", ""Tajana Rosing"", ""Mingu Kang""]",Title-level scope: FeNOMS: Enhancing Open Modification Spectral Library Search with In-Storage Processing on Ferroelectric NAND (FeNAND) Flash,"Theme, prerequisites, and difficulty are editorial classifications; material tags use explicit title terms only unless assessed in the source ledger.",No author release verified for this record; not evidence that none exists.,Not substantively assessed from metadata; use linked primary source.,Earliest verified/indexed date; partial dates retained at source precision. Conference event and posting dates may differ.,advanced,10.1109/iccad66269.2025.11240813,2025-10-13,"[""https://arxiv.org/pdf/2510.10872v1""]",10.1109/iccad66269.2025.11240813,2025-10-26,2025-10-26,"[""Georgia Institute of Technology""]","Quantitative claims, experimental controls, and reproducibility not assessed.",Not determined from metadata; inspect source,OpenAlex + Crossref publisher deposit,Published scholarly venue; individual review process not independently audited,"MOS electrostatics, polarization, trapping, arrays",2025-10-26,,{},[],False,https://doi.org/10.1109/iccad66269.2025.11240813,Not individually verified unless noted in source ledger.,Ferroelectric storage and gate stacks,FeNOMS: Enhancing Open Modification Spectral Library Search with In-Storage Processing on Ferroelectric NAND (FeNAND) Flash,proceedings-article,2025 IEEE/ACM International Conference On Computer Aided Design (ICCAD),"[{""arxiv_id"": ""2510.10872"", ""version"": ""2510.10872v1"", ""first_posted"": ""2025-10-13"", ""updated"": ""2025-10-13T00:40:25Z"", ""journal_reference"": null, ""comment"": null}]"
True,,metadata only,Georgia Tech affiliation in indexed authorship,"[""Hyun Jae Lee"", ""Minji Sohn"", ""Sijung Yoo"", ""Yunseong Lee"", ""Kihong Kim"", ""Seung-Geol Nam"", ""Yoonsang Park"", ""Sanghyun Jo"", ""Donghoon Kim"", ""Jinseong Heo"", ""Wanki Kim"", ""Daewon Ha"", ""Prof. Asif Khan"", ""Shimeng Yu"", ""Duk-Hyun Choe"", ""Suman Datta""]",Title-level scope: Laminated Ferroelectric Stack for Enhanced ISPP Slope and Endurance in FE-NAND,"Theme, prerequisites, and difficulty are editorial classifications; material tags use explicit title terms only unless assessed in the source ledger.",No author release verified for this record; not evidence that none exists.,Not substantively assessed from metadata; use linked primary source.,Earliest verified/indexed date; partial dates retained at source precision. Conference event and posting dates may differ.,advanced,10.1109/led.2025.3628206,2025-11-03,[],10.1109/led.2025.3628206,2025-11-03,2026-01,"[""Georgia Institute of Technology""]","Quantitative claims, experimental controls, and reproducibility not assessed.",Not determined from metadata; inspect source,OpenAlex + Crossref publisher deposit,Published scholarly venue; individual review process not independently audited,"MOS electrostatics, polarization, trapping, arrays",2026-01,,{},[],False,https://doi.org/10.1109/led.2025.3628206,Not individually verified unless noted in source ledger.,Ferroelectric storage and gate stacks,Laminated Ferroelectric Stack for Enhanced ISPP Slope and Endurance in FE-NAND,journal-article,IEEE Electron Device Letters,[]
True,,metadata only,Georgia Tech affiliation in indexed authorship,"[""Yifan Wang"", ""Muhammad Sakib Shahriar"", ""Salma Soliman"", ""Noah Vaillancourt"", ""Lance Fernandes"", ""Andrea Padovani"", ""Prof. Asif Khan"", ""Md Sakib Hasan"", ""Raisul Islam""]",Title-level scope: A Dual‐Memory Ferroelectric Transistor Emulating Synaptic Metaplasticity for High‐Speed Reservoir Computing,"Theme, prerequisites, and difficulty are editorial classifications; material tags use explicit title terms only unless assessed in the source ledger.",No author release verified for this record; not evidence that none exists.,Not substantively assessed from metadata; use linked primary source.,Earliest verified/indexed date; partial dates retained at source precision. Conference event and posting dates may differ.,advanced,10.1002/aelm.202500844,2025-11-11,"[""https://arxiv.org/pdf/2511.07830"", ""https://iris.unimore.it/bitstream/11380/1412988/1/ADVELE~1.PDF"", ""https://arxiv.org/pdf/2511.07830v1""]",10.1002/aelm.202500844,2026-05-13,2026-07,"[""Georgia Institute of Technology""]","Quantitative claims, experimental controls, and reproducibility not assessed.",Not determined from metadata; inspect source,OpenAlex + Crossref publisher deposit,Published scholarly venue; individual review process not independently audited,"circuits, sensing, precision, architecture",2026-05-13,2026-05-13,{},[],False,https://doi.org/10.1002/aelm.202500844,Not individually verified unless noted in source ledger.,"Circuits, memory architectures, and computing",A Dual‐Memory Ferroelectric Transistor Emulating Synaptic Metaplasticity for High‐Speed Reservoir Computing,journal-article,Advanced Electronic Materials,"[{""arxiv_id"": ""2511.07830"", ""version"": ""2511.07830v1"", ""first_posted"": ""2025-11-11"", ""updated"": ""2025-11-11T04:55:17Z"", ""journal_reference"": null, ""comment"": null}]"
False,,metadata only,Georgia Tech affiliation in indexed authorship,"[""Taeyoung Song"", ""Prof. Asif Khan""]",Title-level scope: 3D DRAM with stacked oxide-semiconductor channel transistors,"Theme, prerequisites, and difficulty are editorial classifications; material tags use explicit title terms only unless assessed in the source ledger.",No author release verified for this record; not evidence that none exists.,Not substantively assessed from metadata; use linked primary source.,Earliest verified/indexed date; partial dates retained at source precision. Conference event and posting dates may differ.,advanced,10.1038/s41928-025-01521-z,2025-12-05,[],10.1038/s41928-025-01521-z,2025-12-05,,"[""Georgia Institute of Technology""]","Quantitative claims, experimental controls, and reproducibility not assessed.",Not determined from metadata; inspect source,OpenAlex + Crossref publisher deposit,Published scholarly venue; individual review process not independently audited,"circuits, sensing, precision, architecture",2025-12-05,2025-12-05,{},[],False,https://doi.org/10.1038/s41928-025-01521-z,Not individually verified unless noted in source ledger.,"Circuits, memory architectures, and computing",3D DRAM with stacked oxide-semiconductor channel transistors,journal-article,Nature Electronics,[]
True,https://arxiv.org/pdf/2512.15988,full text: selected relevant sections; not every reference or supplement audited,Research topic/coauthors and disambiguated ID; indexed affiliation missing,"[""Giuk Kim"", ""Hyojun Choi"", ""Prasanna Venkat Ravindran"", ""Moonyoung Jung"", ""Sanghyun Park"", ""Kijoon Kim"", ""Suhwan Lim"", ""Kwangyou Seo"", ""Kwangsoo Kim"", ""Kim, Wanki"", ""Daewon Ha"", ""Shin, Sukjoong"", ""Prof. Asif Khan"", ""Sanghun Jeon"", ""Kai Ni""]",What changes when a vertical NAND string uses ferroelectric gates?,"Theme, prerequisites, and difficulty are editorial classifications; material tags use explicit title terms only unless assessed in the source ledger.",No author release verified for this record; not evidence that none exists.,Discusses storage scaling and device/array constraints in ferroelectric NAND.,Earliest verified/indexed date; partial dates retained at source precision. Conference event and posting dates may differ.,advanced,10.48550/arxiv.2512.15988,2025-12-17,"[""https://arxiv.org/pdf/2512.15988"", ""https://arxiv.org/pdf/2512.15988v1""]",10.48550/arxiv.2512.15988,2025-12-17,,[],Architecture projections require validated array-level disturb and peripheral models.,Not determined from metadata; inspect source,OpenAlex only; publisher cross-check unavailable,Not established / preprint,"MOS electrostatics, polarization, trapping, arrays",,,{},[],False,https://doi.org/10.48550/arxiv.2512.15988,Not individually verified unless noted in source ledger.,Ferroelectric storage and gate stacks,Vertical NAND in a Ferroelectric-driven Paradigm Shift,preprint,arXiv (Cornell University),"[{""arxiv_id"": ""2512.15988"", ""version"": ""2512.15988v1"", ""first_posted"": ""2025-12-17"", ""updated"": ""2025-12-17T21:43:39Z"", ""journal_reference"": null, ""comment"": null}]"
,,metadata only,Khan author and established Georgia Tech coauthor group in primary source,"[""Taeyoung Song"", ""Sanghyun Kang"", ""Yu-Hsin Kuo"", ""Jiayi Chen"", ""Lance Fernandes"", ""Nashrah Afroze"", ""Mengkun Tian"", ""Hyoung Won Baac"", ""Changhwan Shin"", ""Prof. Asif Khan""]",Title-level scope: Hf/Zr Superlattice-Based High-κ Gate Dielectrics with Dipole Layer Engineering for Advanced CMOS,"Theme, prerequisites, and difficulty are editorial classifications; material tags use explicit title terms only unless assessed in the source ledger.",No author release verified for this record; not evidence that none exists.,Not substantively assessed from metadata; use linked primary source.,Earliest verified/indexed date; partial dates retained at source precision. Conference event and posting dates may differ.,advanced,10.1021/acsnano.5c15062,2025-12-27,"[""https://arxiv.org/pdf/2512.22505v1""]",10.1021/acsnano.5c15062,,2026-01-20,,"Quantitative claims, experimental controls, and reproducibility not assessed.",Not determined from metadata; inspect source,Crossref + targeted primary-source discovery,Published scholarly venue; individual review process not independently audited,"crystal symmetry, thermodynamics, microscopy",2026-01-08,2026-01-08,{},[],,https://doi.org/10.1021/acsnano.5c15062,Not individually verified unless noted in source ledger.,"Materials, domains, and characterization",Hf/Zr Superlattice-Based High-κ Gate Dielectrics with Dipole Layer Engineering for Advanced CMOS,journal-article,ACS Nano,"[{""arxiv_id"": ""2512.22505"", ""version"": ""2512.22505v1"", ""first_posted"": ""2025-12-27"", ""updated"": ""2025-12-27T07:15:12Z"", ""journal_reference"": null, ""comment"": null}]"
,https://arxiv.org/pdf/2601.20271,full text: selected relevant sections; not every reference or supplement audited,Khan author and established Georgia Tech coauthor group in primary source,"[""Nashrah Afroze"", ""Jihoon Choi"", ""Salma Soliman"", ""Chang Hoon Kim"", ""Jiayi Chen"", ""Yu-Hsin Kuo"", ""Mengkun Tian"", ""Chengyang Zhang"", ""Priyankka Gundlapudi Ravikumar"", ""Suman Datta"", ""Andrea Padovani"", ""Jun Hee Lee"", ""Prof. Asif Khan""]",Can an oxygen-reservoir electrode change wake-up and hot operation?,"Theme, prerequisites, and difficulty are editorial classifications; material tags use explicit title terms only unless assessed in the source ledger.",No author release verified for this record; not evidence that none exists.,WO3-x integration links oxygen chemistry and ferroelectric phase stability.,Earliest verified/indexed date; partial dates retained at source precision. Conference event and posting dates may differ.,advanced,10.1021/acsaelm.5c02359,2026-01-28,"[""https://arxiv.org/pdf/2601.20271v1""]",10.1021/acsaelm.5c02359,,2026-02-24,,"Electrode chemistry, annealing, and cycling conditions limit transfer to other stacks.",Not determined from metadata; inspect source,Crossref + targeted primary-source discovery,Published scholarly venue; individual review process not independently audited,"defects, rates, measurement protocols",2026-02-04,2026-02-04,{},[],,https://doi.org/10.1021/acsaelm.5c02359,Not individually verified unless noted in source ledger.,Reliability and measurement,"ALD-Derived WO
                    <sub>
                      3–
                      <i>x</i>
                    </sub>
                    Leads to Nearly Wake-Up-Free Ferroelectric Hf
                    <sub>0.5</sub>
                    Zr
                    <sub>0.5</sub>
                    O
                    <sub>2</sub>
                    at Elevated Temperatures",journal-article,ACS Applied Electronic Materials,"[{""arxiv_id"": ""2601.20271"", ""version"": ""2601.20271v1"", ""first_posted"": ""2026-01-28"", ""updated"": ""2026-01-28T05:40:18Z"", ""journal_reference"": null, ""comment"": null}]"
,,metadata only,Khan author and established Georgia Tech coauthor group in primary source,"[""Taeyoung Song"", ""Sanghyun Kang"", ""Yu-Hsin Kuo"", ""Jiayi Chen"", ""Lance Fernandes"", ""Nashrah Afroze"", ""Mengkun Tian"", ""Hyoung Won Baac"", ""Changhwan Shin"", ""Prof. Asif Khan""]",Title-level scope: Correction to “Hf/Zr Superlattice-Based High-κ Gate Dielectrics with Dipole Layer Engineering for Advanced CMOS”,"Theme, prerequisites, and difficulty are editorial classifications; material tags use explicit title terms only unless assessed in the source ledger.",No author release verified for this record; not evidence that none exists.,Not substantively assessed from metadata; use linked primary source.,Earliest verified/indexed date; partial dates retained at source precision. Conference event and posting dates may differ.,advanced,10.1021/acsnano.6c01243,2026-02-16,[],10.1021/acsnano.6c01243,,2026-03-03,,Correction notice; consult original and corrected version together.,Not determined from metadata; inspect source,Crossref + targeted primary-source discovery,Non-research publication,"crystal symmetry, thermodynamics, microscopy",2026-02-16,2026-02-16,{},[],,https://doi.org/10.1021/acsnano.6c01243,Not individually verified unless noted in source ledger.,"Materials, domains, and characterization",Correction to “Hf/Zr Superlattice-Based High-κ Gate Dielectrics with Dipole Layer Engineering for Advanced CMOS”,correction,ACS Nano,[]
,https://iris.unimo.it/retrieve/878aa781-0649-4375-b52a-17c6b5993821/%28L.%20Fernandes%20-%20ACS-NL%2C%202026%29%20published%20version.pdf,full text: selected relevant sections; not every reference or supplement audited,Khan author and established Georgia Tech coauthor group in primary source,"[""Lance Fernandes"", ""Stuart Wodzro"", ""Prasanna Venkatesan"", ""Priyankka Ravikumar"", ""Ming-Yen Lee"", ""Minji Shon"", ""Dyutimoy Chakraborty"", ""Taeyoung Song"", ""Sanghyun Kang"", ""Salma Soliman"", ""Mengkun Tian"", ""Jason Yeager"", ""Jackson Adler"", ""Jiayi Chen"", ""Zekai Wang"", ""Douglas Wolfe"", ""Shimeng Yu"", ""Andrea Padovani"", ""Suman Datta"", ""Biswajit Ray"", ""Prof. Asif Khan""]",Can laminated FeFET stacks preserve a memory window after ionizing radiation?,"Theme, prerequisites, and difficulty are editorial classifications; material tags use explicit title terms only unless assessed in the source ledger.",No author release verified for this record; not evidence that none exists.,Device comparison tests radiation response of laminated ferroelectric stacks.,Earliest verified/indexed date; partial dates retained at source precision. Conference event and posting dates may differ.,advanced,10.1021/acs.nanolett.5c05947,2026-03-05,"[""https://iris.unimo.it/retrieve/878aa781-0649-4375-b52a-17c6b5993821/%28L.%20Fernandes%20-%20ACS-NL%2C%202026%29%20published%20version.pdf""]",10.1021/acs.nanolett.5c05947,,2026-03-18,,"Dose, bias, anneal, and stack conditions govern the comparison; no space-qualified SSD is established.",Not determined from metadata; inspect source,Crossref + targeted primary-source discovery,Published scholarly venue; individual review process not independently audited,"MOS electrostatics, polarization, trapping, arrays",2026-03-05,2026-03-05,{},[],,https://doi.org/10.1021/acs.nanolett.5c05947,Not individually verified unless noted in source ledger.,Ferroelectric storage and gate stacks,Enabling Radiation Hardness in Solid-State NAND Storage Utilizing a Laminated Ferroelectric Stack,journal-article,Nano Letters,[]
,https://arxiv.org/pdf/2603.06881v3,full text: selected relevant sections; not every reference or supplement audited,Georgia Tech affiliation or established coauthor group in full text,"[""Gyujun Jeong"", ""Sungwon Cho"", ""Minji Shon"", ""Namhoon Kim"", ""Woohyun Hwang"", ""Kwangyou Seo"", ""Suhwan Lim"", ""Wanki Kim"", ""Daewon Ha"", ""Prasanna Venkatesan"", ""Kihang Youn"", ""Ram Cherukuri"", ""Yiyi Wang"", ""Suman Datta"", ""Prof. Asif Khan"", ""Shimeng Yu""]",Can an AI surrogate accelerate retention calculations?,"Theme, prerequisites, and difficulty are editorial classifications; material tags use explicit title terms only unless assessed in the source ledger.",No author release verified for this record; not evidence that none exists.,Physics-informed surrogate of TCAD retention for a specified FeFET configuration.,Earliest verified/indexed date; partial dates retained at source precision. Conference event and posting dates may differ.,advanced,10.48550/arxiv.2603.06881,2026-03-06,"[""https://arxiv.org/pdf/2603.06881v3""]",10.48550/arxiv.2603.06881,,,,Simulation-to-surrogate agreement is not experimental retention validation; speedup excludes a universal guarantee.,Not determined from metadata; inspect source,arXiv primary record,Not established / preprint,"inverse problems, transport, statistics",,,,,,https://doi.org/10.48550/arxiv.2603.06881,Not individually verified unless noted in source ledger.,Modeling and AI-assisted inference,Physics-informed AI Accelerated Retention Analysis of Ferroelectric Vertical NAND: From Day-Scale TCAD to Second-Scale Surrogate Model,preprint,arXiv,"[{""arxiv_id"": ""2603.06881"", ""version"": ""2603.06881v3"", ""first_posted"": ""2026-03-06"", ""updated"": ""2026-04-24T19:11:35Z"", ""journal_reference"": null, ""comment"": ""4 pages, 6 figures, to be published in ICMC (International Compact Modeling Conference)""}]"
,https://arxiv.org/pdf/2603.10127,full text: selected relevant sections; not every reference or supplement audited,Georgia Tech affiliation or established coauthor group in full text,"[""Ranie Jeyakumar"", ""Prasanna Venkatesan"", ""Lance Fernandes"", ""Salma Soliman"", ""Priyankka Ravikumar"", ""Taeyoung Song"", ""Chengyang Zhang"", ""Woohyun Hwang"", ""Kwangyou Seo"", ""Suhwan Lim"", ""Wanki Kim"", ""Daewon Ha"", ""Shimeng Yu"", ""Suman Datta"", ""Prof. Asif Khan""]",How does ALD oxidant alter a ferroelectric NAND gate stack?,"Theme, prerequisites, and difficulty are editorial classifications; material tags use explicit title terms only unless assessed in the source ledger.",No author release verified for this record; not evidence that none exists.,Examines deposition chemistry as a control of electrical memory window.,Earliest verified/indexed date; partial dates retained at source precision. Conference event and posting dates may differ.,advanced,10.48550/arxiv.2603.10127,2026-03-10,"[""https://arxiv.org/pdf/2603.10127v1""]",10.48550/arxiv.2603.10127,,,,Preprint; co-varying defects and interfaces complicate one-parameter interpretations.,Not determined from metadata; inspect source,arXiv primary record,Not established / preprint,"MOS electrostatics, polarization, trapping, arrays",,,,,,https://doi.org/10.48550/arxiv.2603.10127,Not individually verified unless noted in source ledger.,Ferroelectric storage and gate stacks,ALD Oxidant as A Tuning Knob for Memory Window Expansion in Ferroelectric FETs for Vertical NAND Applications,preprint,arXiv,"[{""arxiv_id"": ""2603.10127"", ""version"": ""2603.10127v1"", ""first_posted"": ""2026-03-10"", ""updated"": ""2026-03-10T18:03:52Z"", ""journal_reference"": null, ""comment"": null}]"
,,metadata only,Georgia Tech affiliation or established coauthor group in full text,"[""Nashrah Afroze"", ""Salma Soliman"", ""Yu-Hsin Kuo"", ""Sanghyun Kang"", ""Mengkun Tian"", ""Priyankka Ravikumar"", ""Andrea Padovani"", ""Prof. Asif Khan""]",Title-level scope: Engineering Wake-Up-Free Ferroelectric Capacitors with Enhanced High-Temperature Reliability,"Theme, prerequisites, and difficulty are editorial classifications; material tags use explicit title terms only unless assessed in the source ledger.",No author release verified for this record; not evidence that none exists.,Not substantively assessed from metadata; use linked primary source.,Earliest verified/indexed date; partial dates retained at source precision. Conference event and posting dates may differ.,advanced,10.48550/arxiv.2604.20698,2026-04-22,"[""https://arxiv.org/pdf/2604.20698v1""]",10.48550/arxiv.2604.20698,,,,"Quantitative claims, experimental controls, and reproducibility not assessed.",In2O3 / doped oxide channel,arXiv primary record,Not established / preprint,"defects, rates, measurement protocols",,,,,,https://doi.org/10.48550/arxiv.2604.20698,Not individually verified unless noted in source ledger.,Reliability and measurement,Engineering Wake-Up-Free Ferroelectric Capacitors with Enhanced High-Temperature Reliability,preprint,arXiv,"[{""arxiv_id"": ""2604.20698"", ""version"": ""2604.20698v1"", ""first_posted"": ""2026-04-22"", ""updated"": ""2026-04-22T15:43:38Z"", ""journal_reference"": null, ""comment"": null}]"
,https://arxiv.org/pdf/2606.08378,full text: selected relevant sections; not every reference or supplement audited,Khan author and established Georgia Tech coauthor group in primary source,"[""Lance Fernandes"", ""Yu-Hsin Kuo"", ""Chengyang Zhang"", ""Priyankka Ravikumar"", ""Ranie Jeyakumar"", ""Dyutimoy Chakraborty"", ""Jiayi Chen"", ""Taeyoung Song"", ""Kai Ni"", ""Woohyun Hwang"", ""Kwangyou Seo"", ""Suhwan Lim"", ""Wanki Kim"", ""Daewon Ha"", ""Julia Medvedeva"", ""Suman Datta"", ""Shimeng Yu"", ""Prof. Asif Khan""]",Which part of an oxide-channel FeFET fails during thermal processing?,"Theme, prerequisites, and difficulty are editorial classifications; material tags use explicit title terms only unless assessed in the source ledger.",No author release verified for this record; not evidence that none exists.,Compares IGO and IWO channels using the same engineered HZO/Al2O3/HZO stack.,Earliest verified/indexed date; partial dates retained at source precision. Conference event and posting dates may differ.,intermediate,10.1109/led.2026.3699506,2026-06-07,"[""https://arxiv.org/pdf/2606.08378v1""]",10.1109/led.2026.3699506,,2026-08,,Thermal exposure of devices does not prove a complete BEOL-compatible flow or long-term operating reliability.,Not determined from metadata; inspect source,Crossref + targeted primary-source discovery,Published scholarly venue; individual review process not independently audited,"transport, interfaces, threshold extraction",2026-08,,{},[],,https://doi.org/10.1109/led.2026.3699506,Not individually verified unless noted in source ledger.,Oxide-channel and transistor engineering,Thermal Processing Limits in Oxide-Channel Ferroelectric Field Effect Transistors,journal-article,IEEE Electron Device Letters,"[{""arxiv_id"": ""2606.08378"", ""version"": ""2606.08378v1"", ""first_posted"": ""2026-06-07"", ""updated"": ""2026-06-07T00:14:41Z"", ""journal_reference"": null, ""comment"": null}]"
True,,metadata only,Georgia Tech affiliation in indexed authorship,"[""Yifan Wang"", ""Muhammad Sakib Shahriar"", ""Salma Soliman"", ""Noah Vaillancourt"", ""Lance Fernandes"", ""Andrea Padovani"", ""Prof. Asif Khan"", ""Md Sakib Hasan"", ""Raisul Islam""]",Title-level scope: A Dual‐Memory Ferroelectric Transistor Emulating Synaptic Metaplasticity for High‐Speed Reservoir Computing (Adv. Electron. Mater. 13/2026),"Theme, prerequisites, and difficulty are editorial classifications; material tags use explicit title terms only unless assessed in the source ledger.",No author release verified for this record; not evidence that none exists.,Not substantively assessed from metadata; use linked primary source.,Earliest verified/indexed date; partial dates retained at source precision. Conference event and posting dates may differ.,advanced,10.1002/aelm.70462,2026-07,[],10.1002/aelm.70462,2026-07-01,2026-07,"[""Georgia Institute of Technology""]","Separate bibliographic object, not an additional research result.",Not determined from metadata; inspect source,OpenAlex + Crossref publisher deposit,Non-research publication,"circuits, sensing, precision, architecture",2026-07,2026-07-07,{},[],False,https://doi.org/10.1002/aelm.70462,Not individually verified unless noted in source ledger.,"Circuits, memory architectures, and computing",A Dual‐Memory Ferroelectric Transistor Emulating Synaptic Metaplasticity for High‐Speed Reservoir Computing (Adv. Electron. Mater. 13/2026),cover / front matter,Advanced Electronic Materials,[]
,https://arxiv.org/pdf/2609.12184v2,full text: selected relevant sections; not every reference or supplement audited,Georgia Tech affiliation or established coauthor group in full text,"[""Gyujun Jeong"", ""Junmo Lee"", ""Sungwon Cho"", ""Woohyun Hwang"", ""Kwangyou Seo"", ""Suhwan Lim"", ""Wanki Kim"", ""Daewon Ha"", ""Rishi Ranade"", ""Kihang Youn"", ""Ram Cherukuri"", ""Yiyi Wang"", ""Prof. Asif Khan"", ""Shimeng Yu""]",Can an agent help select physical models rather than only fit parameters?,"Theme, prerequisites, and difficulty are editorial classifications; material tags use explicit title terms only unless assessed in the source ledger.",No author release verified for this record; not evidence that none exists.,Agent-orchestrated Sentaurus calibration includes tests across drain bias and geometry.,Earliest verified/indexed date; partial dates retained at source precision. Conference event and posting dates may differ.,advanced,10.48550/arxiv.2609.12184,2026-09-10,"[""https://arxiv.org/pdf/2609.12184v2""]",10.48550/arxiv.2609.12184,,,,Preprint; proprietary solver and unavailable complete workflow/data limit independent reproduction.,In2O3 / doped oxide channel,arXiv primary record,Not established / preprint,"inverse problems, transport, statistics",,,,,,https://doi.org/10.48550/arxiv.2609.12184,Not individually verified unless noted in source ledger.,Modeling and AI-assisted inference,Agentic TCAD Calibration Workflow for Oxide Semiconductor Transistors,preprint,arXiv,"[{""arxiv_id"": ""2609.12184"", ""version"": ""2609.12184v2"", ""first_posted"": ""2026-09-10"", ""updated"": ""2026-09-14T00:56:40Z"", ""journal_reference"": null, ""comment"": ""Preprint. Submitted to an IEEE journal for review""}]"
,https://arxiv.org/pdf/2609.20482,full text: selected relevant sections; not every reference or supplement audited,Georgia Tech affiliation or established coauthor group in full text,"[""Marshall B. Frye"", ""Chanyoung Kim"", ""Jeong-Woo Sun"", ""John Wellington-Johnson"", ""Lance Fernandes"", ""Prasanna Venkatesan Ravindran"", ""Bogdan Dryzhakov"", ""TaeYoung Song"", ""Mengkun Tian"", ""Prof. Asif Khan"", ""Lauren M. Garten""]",How do interlayer defects change coercive fields?,"Theme, prerequisites, and difficulty are editorial classifications; material tags use explicit title terms only unless assessed in the source ledger.",No author release verified for this record; not evidence that none exists.,"Combines interfacial chemistry, reversal curves, and phase-field modeling to investigate internal bias.",Earliest verified/indexed date; partial dates retained at source precision. Conference event and posting dates may differ.,advanced,10.48550/arxiv.2609.20482,2026-09-17,"[""https://arxiv.org/pdf/2609.20482v1""]",10.48550/arxiv.2609.20482,,,,Preprint; defect inference and model identifiability need independent tests.,Not determined from metadata; inspect source,arXiv primary record,Not established / preprint,"crystal symmetry, thermodynamics, microscopy",,,,,,https://doi.org/10.48550/arxiv.2609.20482,Not individually verified unless noted in source ledger.,"Materials, domains, and characterization",Tuning the Coercive Field in Ferroelectric Hf0.5Zr0.5O2-Al2O3 Heterostructures via Interfacial Charge Dynamics,preprint,arXiv,"[{""arxiv_id"": ""2609.20482"", ""version"": ""2609.20482v1"", ""first_posted"": ""2026-09-17"", ""updated"": ""2026-09-17T14:35:02Z"", ""journal_reference"": null, ""comment"": ""35 manuscript pages, 7 figures, 12 supplemental pages, 17 supplemental figures""}]"
